日期,开盘,收盘,最高,最低,成交量,成交额,振幅,涨跌幅,涨跌额,换手率
2021-06-21,4.689,4.7,4.736,4.668,4492631,2297972208.0,1.44,-0.15,-0.007,1.66
2021-06-22,4.721,4.726,4.732,4.692,6783142,3481237664.0,0.85,0.55,0.026,2.5
2021-06-23,4.733,4.757,4.784,4.717,5864652,3034353440.0,1.42,0.66,0.031,2.17
2021-06-24,4.761,4.77,4.771,4.736,2175097,1125515424.0,0.74,0.27,0.013,0.8
2021-06-25,4.774,4.851,4.87,4.772,6192587,3253306016.0,2.05,1.7,0.081,2.29
2021-06-28,4.859,4.86,4.871,4.838,4454965,2349760656.0,0.68,0.19,0.009,1.64
2021-06-29,4.86,4.806,4.86,4.796,2901856,1520211072.0,1.32,-1.11,-0.054,1.07
2021-06-30,4.807,4.837,4.848,4.806,3711710,1948238480.0,0.87,0.65,0.031,1.37
2021-07-01,4.854,4.835,4.865,4.803,5643739,2964560976.0,1.28,-0.04,-0.002,2.08
2021-07-02,4.801,4.694,4.803,4.692,4422360,2278045472.0,2.3,-2.92,-0.141,1.63
2021-07-05,4.694,4.701,4.713,4.671,2575703,1316062240.0,0.89,0.15,0.007,0.95
2021-07-06,4.701,4.708,4.711,4.652,3816887,1946038944.0,1.26,0.15,0.007,1.41
2021-07-07,4.686,4.761,4.783,4.678,3494651,1802156512.0,2.23,1.13,0.053,1.29
2021-07-08,4.77,4.717,4.777,4.702,3280350,1689688928.0,1.58,-0.92,-0.044,1.21
2021-07-09,4.701,4.693,4.709,4.637,4262319,2174685024.0,1.53,-0.51,-0.024,1.57
2021-07-12,4.731,4.761,4.79,4.703,5966929,3088418560.0,1.85,1.45,0.068,2.2
2021-07-13,4.76,4.777,4.795,4.749,3464404,1798359504.0,0.97,0.34,0.016,1.28
2021-07-14,4.772,4.72,4.772,4.709,3824693,1970051840.0,1.32,-1.19,-0.057,1.41
2021-07-15,4.712,4.788,4.795,4.705,3552867,1839020768.0,1.91,1.44,0.068,1.31
2021-07-16,4.781,4.737,4.786,4.733,3702352,1916254592.0,1.11,-1.07,-0.051,1.37
2021-07-19,4.728,4.759,4.769,4.687,3320462,1709347744.0,1.73,0.46,0.022,1.23
2021-07-20,4.721,4.746,4.76,4.712,3066793,1581145200.0,1.01,-0.27,-0.013,1.13
2021-07-21,4.761,4.785,4.806,4.753,5784303,3011038368.0,1.12,0.82,0.039,2.14
2021-07-22,4.786,4.79,4.814,4.779,2696841,1405906240.0,0.73,0.1,0.005,1.0
2021-07-23,4.791,4.738,4.792,4.726,2681441,1384583056.0,1.38,-1.09,-0.052,0.99
2021-07-26,4.718,4.563,4.719,4.504,9152734,4590557952.0,4.54,-3.69,-0.175,3.38
2021-07-27,4.56,4.39,4.581,4.384,8072052,3972490928.0,4.32,-3.79,-0.173,2.98
2021-07-28,4.384,4.4,4.424,4.316,9133473,4378815488.0,2.46,0.23,0.01,3.37
2021-07-29,4.48,4.487,4.498,4.439,6402064,3130337232.0,1.34,1.98,0.087,2.36
2021-07-30,4.464,4.453,4.465,4.402,2258702,1097220224.0,1.4,-0.76,-0.034,0.83
2021-08-02,4.437,4.574,4.585,4.405,3752039,1853444880.0,4.04,2.72,0.121,1.39
2021-08-03,4.552,4.576,4.6,4.536,2330098,1161609440.0,1.4,0.04,0.002,0.86
2021-08-04,4.565,4.62,4.621,4.563,2486453,1248682992.0,1.27,0.96,0.044,0.92
2021-08-05,4.585,4.59,4.639,4.562,2098716,1053873952.0,1.67,-0.65,-0.03,0.77
2021-08-06,4.581,4.574,4.586,4.543,1126992,561475936.0,0.94,-0.35,-0.016,0.42
2021-08-09,4.551,4.629,4.648,4.533,2290906,1151898656.0,2.51,1.2,0.055,0.85
2021-08-10,4.617,4.686,4.689,4.583,3241224,1635519296.0,2.29,1.23,0.057,1.2
2021-08-11,4.679,4.659,4.705,4.656,2391296,1219614192.0,1.05,-0.58,-0.027,0.88
2021-08-12,4.641,4.627,4.662,4.617,1339717,677135200.0,0.97,-0.69,-0.032,0.49
2021-08-13,4.614,4.6,4.647,4.571,2025664,1017354160.0,1.64,-0.58,-0.027,0.75
2021-08-16,4.594,4.597,4.625,4.582,1862036,934436576.0,0.93,-0.07,-0.003,0.69
2021-08-17,4.591,4.485,4.623,4.476,3523009,1751144112.0,3.2,-2.44,-0.112,1.3
2021-08-18,4.485,4.538,4.567,4.473,3847710,1901295856.0,2.1,1.18,0.053,1.42
2021-08-19,4.521,4.504,4.538,4.482,2403110,1185219024.0,1.23,-0.75,-0.034,0.89
2021-08-20,4.493,4.414,4.494,4.369,4184413,2023086384.0,2.78,-2.0,-0.09,1.55
2021-08-23,4.424,4.486,4.492,4.421,3529613,1724629440.0,1.61,1.63,0.072,1.3
2021-08-24,4.491,4.538,4.559,4.491,3177054,1571638432.0,1.52,1.16,0.052,1.17
2021-08-25,4.546,4.552,4.554,4.519,2076564,1029752688.0,0.77,0.31,0.014,0.77
2021-08-26,4.549,4.467,4.55,4.451,1948403,956302464.0,2.17,-1.87,-0.085,0.72
2021-08-27,4.46,4.48,4.525,4.457,2322364,1140911552.0,1.52,0.29,0.013,0.86
2021-08-30,4.492,4.462,4.503,4.44,2155322,1052155088.0,1.41,-0.4,-0.018,0.8
2021-08-31,4.463,4.46,4.478,4.391,2450326,1190430816.0,1.95,-0.04,-0.002,0.9
2021-09-01,4.461,4.53,4.569,4.421,3865183,1903964592.0,3.32,1.57,0.07,1.43
2021-09-02,4.541,4.526,4.549,4.501,2240048,1107121904.0,1.06,-0.09,-0.004,0.83
2021-09-03,4.526,4.499,4.55,4.49,3483673,1718509776.0,1.33,-0.6,-0.027,1.29
2021-09-06,4.499,4.583,4.597,4.495,4945359,2468976368.0,2.27,1.87,0.084,1.83
2021-09-07,4.581,4.646,4.67,4.567,4574956,2304933616.0,2.25,1.37,0.063,1.69
2021-09-08,4.65,4.625,4.674,4.609,2369431,1198609520.0,1.4,-0.45,-0.021,0.87
2021-09-09,4.612,4.623,4.624,4.583,1825452,917262208.0,0.89,-0.04,-0.002,0.67
2021-09-10,4.618,4.672,4.708,4.615,3893350,1982110592.0,2.01,1.06,0.049,1.44
2021-09-13,4.666,4.645,4.69,4.616,3200157,1620670960.0,1.58,-0.58,-0.027,1.18
2021-09-14,4.646,4.579,4.663,4.558,3277120,1645687920.0,2.26,-1.42,-0.066,1.21
2021-09-15,4.571,4.526,4.572,4.498,2707359,1340902832.0,1.62,-1.16,-0.053,1.0
2021-09-16,4.526,4.47,4.536,4.462,4293484,2106848912.0,1.63,-1.24,-0.056,1.59
2021-09-17,4.469,4.509,4.515,4.449,5139927,2520613344.0,1.48,0.87,0.039,1.9
2021-09-22,4.441,4.476,4.493,4.433,4916296,2399574656.0,1.33,-0.73,-0.033,1.82
2021-09-23,4.498,4.505,4.536,4.487,2869732,1413518496.0,1.09,0.65,0.029,1.06
2021-09-24,4.509,4.512,4.556,4.499,4647712,2299464432.0,1.27,0.16,0.007,1.72
2021-09-27,4.526,4.544,4.579,4.502,3598936,1786172112.0,1.71,0.71,0.032,1.33
2021-09-28,4.536,4.535,4.561,4.507,2636353,1306079040.0,1.19,-0.2,-0.009,0.97
2021-09-29,4.503,4.502,4.53,4.459,5922611,2909490208.0,1.57,-0.73,-0.033,2.19
2021-09-30,4.504,4.516,4.534,4.502,3129597,1544835056.0,0.71,0.31,0.014,1.16
2021-10-08,4.559,4.587,4.596,4.552,2446241,1222701424.0,0.97,1.57,0.071,0.9
2021-10-11,4.595,4.586,4.641,4.582,2603224,1309512480.0,1.29,-0.02,-0.001,0.96
2021-10-12,4.568,4.534,4.579,4.494,3306068,1639579408.0,1.85,-1.13,-0.052,1.22
2021-10-13,4.526,4.59,4.606,4.524,2535737,1264333984.0,1.81,1.24,0.056,0.94
2021-10-14,4.584,4.563,4.609,4.552,1998087,998317200.0,1.24,-0.59,-0.027,0.74
2021-10-15,4.56,4.587,4.598,4.541,2179701,1089703600.0,1.25,0.53,0.024,0.8
2021-10-18,4.584,4.529,4.585,4.497,2512605,1241208464.0,1.92,-1.26,-0.058,0.93
2021-10-19,4.521,4.576,4.581,4.518,2884698,1436191680.0,1.39,1.04,0.047,1.07
2021-10-20,4.581,4.562,4.603,4.552,1566963,782001184.0,1.11,-0.31,-0.014,0.58
2021-10-21,4.561,4.584,4.608,4.543,2240855,1119219632.0,1.42,0.48,0.022,0.83
2021-10-22,4.591,4.617,4.653,4.591,3345973,1686635696.0,1.35,0.72,0.033,1.24
2021-10-25,4.603,4.634,4.642,4.592,2653745,1336929136.0,1.08,0.37,0.017,0.98
2021-10-26,4.636,4.617,4.669,4.604,2479095,1251852288.0,1.4,-0.37,-0.017,0.92
2021-10-27,4.605,4.551,4.605,4.539,2781043,1385676608.0,1.43,-1.43,-0.066,1.03
2021-10-28,4.541,4.53,4.558,4.507,4413412,2185194496.0,1.12,-0.46,-0.021,1.63
2021-10-29,4.527,4.562,4.563,4.515,4264847,2114092672.0,1.06,0.71,0.032,1.57
2021-11-01,4.538,4.546,4.569,4.52,1950023,967955360.0,1.07,-0.35,-0.016,0.72
2021-11-02,4.543,4.494,4.576,4.455,4294135,2119278880.0,2.66,-1.14,-0.052,1.59
2021-11-03,4.491,4.474,4.517,4.46,3406351,1671068448.0,1.27,-0.45,-0.02,1.26
2021-11-04,4.494,4.521,4.532,4.493,2844233,1403738128.0,0.87,1.05,0.047,1.05
2021-11-05,4.511,4.504,4.548,4.503,2656008,1312374544.0,1.0,-0.38,-0.017,0.98
2021-11-08,4.501,4.5,4.529,4.483,3124852,1539084832.0,1.02,-0.09,-0.004,1.15
2021-11-09,4.516,4.498,4.533,4.473,2628400,1292760720.0,1.33,-0.04,-0.002,0.97
2021-11-10,4.494,4.473,4.494,4.407,4894264,2379856064.0,1.93,-0.56,-0.025,1.81
2021-11-11,4.463,4.553,4.556,4.461,3523650,1740182224.0,2.12,1.79,0.08,1.3
2021-11-12,4.557,4.551,4.572,4.535,2729067,1355972400.0,0.81,-0.04,-0.002,1.01
2021-11-15,4.555,4.545,4.572,4.524,3359154,1667408832.0,1.05,-0.13,-0.006,1.24
2021-11-16,4.547,4.541,4.577,4.531,3518703,1750476656.0,1.01,-0.09,-0.004,1.3
2021-11-17,4.534,4.54,4.555,4.522,2269818,1125215664.0,0.73,-0.02,-0.001,0.84
2021-11-18,4.528,4.496,4.533,4.483,3606012,1774308240.0,1.1,-0.97,-0.044,1.33
2021-11-19,4.491,4.551,4.557,4.486,2759206,1365616720.0,1.58,1.22,0.055,1.02
2021-11-22,4.555,4.564,4.576,4.548,3536475,1761554912.0,0.62,0.29,0.013,1.31
2021-11-23,4.557,4.567,4.581,4.547,3172672,1582334512.0,0.74,0.07,0.003,1.17
2021-11-24,4.567,4.578,4.597,4.555,1785947,891904464.0,0.92,0.24,0.011,0.66
2021-11-25,4.579,4.559,4.58,4.551,1372600,683495472.0,0.63,-0.42,-0.019,0.51
2021-11-26,4.546,4.517,4.547,4.508,2046378,1011650368.0,0.86,-0.92,-0.042,0.76
2021-11-29,4.481,4.51,4.519,4.481,2338560,1151391536.0,0.84,-0.15,-0.007,0.86
2021-11-30,4.513,4.492,4.53,4.469,1836800,903625440.0,1.35,-0.4,-0.018,0.68
2021-12-01,4.492,4.505,4.51,4.488,2116262,1040600304.0,0.49,0.29,0.013,0.78
2021-12-02,4.501,4.515,4.526,4.484,1610351,794007120.0,0.93,0.22,0.01,0.59
2021-12-03,4.515,4.56,4.561,4.507,2196321,1087954880.0,1.2,1.0,0.045,0.81
2021-12-06,4.563,4.555,4.597,4.55,3328991,1663482016.0,1.03,-0.11,-0.005,1.23
2021-12-07,4.576,4.583,4.59,4.559,2124268,1060624160.0,0.68,0.61,0.028,0.78
2021-12-08,4.588,4.655,4.66,4.57,3411917,1721655424.0,1.96,1.57,0.072,1.26
2021-12-09,4.659,4.739,4.785,4.657,6332212,3267970656.0,2.75,1.8,0.084,2.34
2021-12-10,4.724,4.724,4.731,4.704,3961260,2035800624.0,0.57,-0.32,-0.015,1.46
2021-12-13,4.748,4.737,4.808,4.73,4290338,2227870768.0,1.65,0.28,0.013,1.58
2021-12-14,4.718,4.706,4.736,4.696,3626878,1860581408.0,0.84,-0.65,-0.031,1.34
2021-12-15,4.701,4.66,4.717,4.656,2035832,1038757248.0,1.3,-0.98,-0.046,0.75
2021-12-16,4.663,4.687,4.688,4.646,3773043,1919332416.0,0.9,0.58,0.027,1.39
2021-12-17,4.679,4.614,4.682,4.612,6226189,3145885072.0,1.49,-1.56,-0.073,2.3
2021-12-20,4.6,4.539,4.631,4.528,8518253,4250322976.0,2.23,-1.63,-0.075,3.15
2021-12-21,4.534,4.56,4.573,4.53,5171335,2572582592.0,0.95,0.46,0.021,1.91
2021-12-22,4.573,4.563,4.585,4.551,6660462,3320651904.0,0.75,0.07,0.003,2.46
2021-12-23,4.574,4.601,4.607,4.559,3023053,1512949488.0,1.05,0.83,0.038,1.12
2021-12-24,4.607,4.578,4.613,4.559,2603961,1301806384.0,1.17,-0.5,-0.023,0.96
2021-12-27,4.578,4.582,4.599,4.551,5044913,2520394800.0,1.05,0.09,0.004,1.86
2021-12-28,4.582,4.608,4.618,4.573,6399142,3209575440.0,0.98,0.57,0.026,2.36
2021-12-29,4.606,4.541,4.612,4.54,4038656,2011288448.0,1.56,-1.45,-0.067,1.49
2021-12-30,4.541,4.577,4.598,4.536,4744980,2369943648.0,1.37,0.79,0.036,1.75
2021-12-31,4.591,4.589,4.61,4.575,3514166,1760912800.0,0.76,0.26,0.012,1.3
2022-01-04,4.606,4.571,4.608,4.523,4863553,2417587488.0,1.85,-0.39,-0.018,1.8
2022-01-05,4.56,4.524,4.573,4.506,4640731,2300116656.0,1.47,-1.03,-0.047,1.71
2022-01-06,4.504,4.468,4.514,4.438,5172728,2530768432.0,1.68,-1.24,-0.056,1.91
2022-01-07,4.481,4.48,4.511,4.474,4785197,2349400432.0,0.83,0.27,0.012,1.77
2022-01-10,4.469,4.493,4.504,4.44,4911223,2406258640.0,1.43,0.29,0.013,1.81
2022-01-11,4.493,4.448,4.505,4.445,4122189,2014962368.0,1.34,-1.0,-0.045,1.52
2022-01-12,4.465,4.5,4.514,4.465,5113326,2511098384.0,1.1,1.17,0.052,1.89
2022-01-13,4.511,4.419,4.513,4.417,4882723,2379000208.0,2.13,-1.8,-0.081,1.8
2022-01-14,4.406,4.375,4.421,4.372,4100290,1972987312.0,1.11,-1.0,-0.044,1.51
2022-01-17,4.379,4.416,4.432,4.378,4983491,2407274464.0,1.23,0.94,0.041,1.84
2022-01-18,4.413,4.462,4.478,4.396,6241671,3038466592.0,1.86,1.04,0.046,2.3
2022-01-19,4.471,4.436,4.495,4.412,5224393,2501399280.0,1.86,-0.58,-0.026,1.93
2022-01-20,4.431,4.474,4.503,4.43,5412785,2608626688.0,1.65,0.86,0.038,2.0
2022-01-21,4.466,4.44,4.471,4.42,7814370,3739337872.0,1.14,-0.76,-0.034,2.89
2022-01-24,4.416,4.442,4.455,4.404,4605740,2197609280.0,1.15,0.05,0.002,1.7
2022-01-25,4.418,4.336,4.433,4.332,5952709,2814468224.0,2.27,-2.39,-0.106,2.2
2022-01-26,4.351,4.362,4.367,4.306,5218421,2449571760.0,1.41,0.6,0.026,1.93
2022-01-27,4.349,4.281,4.355,4.272,6076217,2827030192.0,1.9,-1.86,-0.081,2.24
2022-01-28,4.293,4.21,4.315,4.206,8583917,3950302960.0,2.55,-1.66,-0.071,3.17
2022-02-07,4.281,4.282,4.319,4.262,4845868,2243165824.0,1.35,1.71,0.072,1.79
2022-02-08,4.282,4.26,4.282,4.171,4481413,2050015392.0,2.59,-0.51,-0.022,1.65
2022-02-09,4.262,4.299,4.309,4.246,4589381,2124086976.0,1.48,0.92,0.039,1.69
2022-02-10,4.306,4.288,4.309,4.262,4953831,2291737792.0,1.09,-0.26,-0.011,1.83
2022-02-11,4.27,4.252,4.314,4.249,4617436,2134586496.0,1.52,-0.84,-0.036,1.7
2022-02-14,4.236,4.203,4.25,4.182,3299679,1503834192.0,1.6,-1.15,-0.049,1.22
2022-02-15,4.204,4.245,4.249,4.202,6043144,2765515056.0,1.12,1.0,0.042,2.23
2022-02-16,4.266,4.266,4.29,4.254,4498005,2076275360.0,0.85,0.49,0.021,1.66
2022-02-17,4.261,4.276,4.3,4.255,6290407,2909007328.0,1.05,0.23,0.01,2.32
2022-02-18,4.256,4.3,4.301,4.251,3041052,1405440368.0,1.17,0.56,0.024,1.12
2022-02-21,4.292,4.283,4.293,4.261,3241951,1497429120.0,0.74,-0.4,-0.017,1.2
2022-02-22,4.246,4.223,4.253,4.205,3153168,1438664976.0,1.12,-1.4,-0.06,1.16
2022-02-23,4.236,4.271,4.274,4.227,4469039,2054646288.0,1.11,1.14,0.048,1.65
2022-02-24,4.246,4.186,4.258,4.145,5912365,2683234000.0,2.65,-1.99,-0.085,2.18
2022-02-25,4.209,4.221,4.267,4.209,3844661,1760979840.0,1.39,0.84,0.035,1.42
2022-02-28,4.218,4.227,4.229,4.178,2693171,1225032608.0,1.21,0.14,0.006,0.99
2022-03-01,4.244,4.265,4.273,4.229,3261629,1499507424.0,1.04,0.9,0.038,1.2
2022-03-02,4.245,4.23,4.246,4.208,1946013,889476592.0,0.89,-0.82,-0.035,0.72
2022-03-03,4.246,4.201,4.256,4.191,2006899,914647552.0,1.54,-0.69,-0.029,0.74
2022-03-04,4.161,4.15,4.19,4.136,4053766,1823719312.0,1.29,-1.21,-0.051,1.5
2022-03-07,4.115,4.002,4.115,3.984,5831130,2553534384.0,3.16,-3.57,-0.148,2.15
2022-03-08,4.003,3.92,4.027,3.904,6917081,2976687584.0,3.07,-2.05,-0.082,2.55
2022-03-09,3.928,3.88,3.95,3.726,7867488,3301655744.0,5.71,-1.02,-0.04,2.91
2022-03-10,3.956,3.94,3.982,3.938,5528465,2377355392.0,1.13,1.55,0.06,2.04
2022-03-11,3.884,3.968,3.974,3.831,3973422,1687296400.0,3.63,0.71,0.028,1.47
2022-03-14,3.906,3.828,3.93,3.827,4331004,1828943104.0,2.6,-3.53,-0.14,1.6
2022-03-15,3.791,3.629,3.82,3.624,10444778,4244938240.0,5.12,-5.2,-0.199,3.86
2022-03-16,3.691,3.802,3.826,3.598,13251385,5383854336.0,6.28,4.77,0.173,4.89
2022-03-17,3.879,3.886,3.95,3.861,11475616,4866876928.0,2.34,2.21,0.084,4.24
2022-03-18,3.866,3.914,3.932,3.845,4030217,1703858640.0,2.24,0.72,0.028,1.49
2022-03-21,3.919,3.908,3.936,3.868,3720164,1581985312.0,1.74,-0.15,-0.006,1.37
2022-03-22,3.888,3.904,3.938,3.887,2504225,1064168272.0,1.31,-0.1,-0.004,0.92
2022-03-23,3.914,3.929,3.942,3.896,3082447,1314097168.0,1.18,0.64,0.025,1.14
2022-03-24,3.906,3.902,3.926,3.869,2206418,935511952.0,1.45,-0.69,-0.027,0.81
2022-03-25,3.901,3.825,3.91,3.823,3568083,1499894624.0,2.23,-1.97,-0.077,1.32
2022-03-28,3.79,3.8,3.83,3.739,4155938,1715993648.0,2.38,-0.65,-0.025,1.53
2022-03-29,3.811,3.782,3.829,3.775,2310331,957679744.0,1.42,-0.47,-0.018,0.85
2022-03-30,3.81,3.905,3.908,3.81,5002575,2107747776.0,2.59,3.25,0.123,1.85
2022-03-31,3.895,3.874,3.9,3.866,4242790,1791950304.0,0.87,-0.79,-0.031,1.57
2022-04-01,3.843,3.925,3.945,3.841,3752472,1594296080.0,2.68,1.32,0.051,1.39
2022-04-06,3.899,3.913,3.925,3.884,3398938,1443714224.0,1.04,-0.31,-0.012,1.26
2022-04-07,3.893,3.861,3.924,3.858,2783984,1177384176.0,1.69,-1.33,-0.052,1.03
2022-04-08,3.864,3.889,3.892,3.831,3202713,1349449552.0,1.58,0.73,0.028,1.18
2022-04-11,3.861,3.757,3.862,3.744,5800585,2391596000.0,3.03,-3.39,-0.132,2.14
2022-04-12,3.759,3.827,3.832,3.732,8064759,3334403952.0,2.66,1.86,0.07,2.98
2022-04-13,3.807,3.795,3.843,3.791,3872602,1609161760.0,1.36,-0.84,-0.032,1.43
2022-04-14,3.832,3.839,3.868,3.809,5736892,2400662560.0,1.55,1.16,0.044,2.12
2022-04-15,3.816,3.837,3.862,3.806,5322380,2224422368.0,1.46,-0.05,-0.002,1.97
2022-04-18,3.801,3.817,3.82,3.773,2797093,1159501392.0,1.22,-0.52,-0.02,1.03
2022-04-19,3.816,3.79,3.842,3.766,3139962,1301465632.0,1.99,-0.71,-0.027,1.16
2022-04-20,3.788,3.72,3.794,3.714,3903434,1596762864.0,2.11,-1.85,-0.07,1.44
2022-04-21,3.708,3.652,3.737,3.631,7925085,3193817664.0,2.85,-1.83,-0.068,2.93
2022-04-22,3.621,3.662,3.693,3.608,6173784,2469379280.0,2.33,0.27,0.01,2.28
2022-04-25,3.601,3.469,3.615,3.463,16542844,6447291648.0,4.15,-5.27,-0.193,6.11
2022-04-26,3.472,3.439,3.529,3.43,15437597,5888627456.0,2.85,-0.86,-0.03,5.7
2022-04-27,3.427,3.545,3.547,3.416,13725839,5260465152.0,3.81,3.08,0.106,5.07
2022-04-28,3.528,3.571,3.591,3.525,10729261,4183266928.0,1.86,0.73,0.026,3.96
2022-04-29,3.585,3.671,3.675,3.549,7631212,3024738240.0,3.53,2.8,0.1,2.82
2022-05-05,3.636,3.656,3.687,3.626,7360954,2950065280.0,1.66,-0.41,-0.015,2.72
2022-05-06,3.581,3.559,3.599,3.556,5206697,2042557056.0,1.18,-2.65,-0.097,1.92
2022-05-09,3.534,3.527,3.562,3.506,3187006,1234844480.0,1.57,-0.9,-0.032,1.18
2022-05-10,3.489,3.572,3.589,3.464,5474672,2129935216.0,3.54,1.28,0.045,2.02
2022-05-11,3.565,3.627,3.682,3.565,6290116,2502148832.0,3.28,1.54,0.055,2.32
2022-05-12,3.611,3.607,3.635,3.589,3071058,1215316560.0,1.27,-0.55,-0.02,1.13
2022-05-13,3.644,3.638,3.655,3.608,2799732,1113468048.0,1.3,0.86,0.031,1.03
2022-05-16,3.656,3.607,3.67,3.596,4425843,1755248944.0,2.03,-0.85,-0.031,1.63
2022-05-17,3.616,3.656,3.657,3.605,3008496,1197703808.0,1.44,1.36,0.049,1.11
2022-05-18,3.663,3.642,3.673,3.616,2640173,1052734336.0,1.56,-0.38,-0.014,0.97
2022-05-19,3.603,3.651,3.653,3.592,3249620,1289180784.0,1.67,0.25,0.009,1.2
2022-05-20,3.676,3.735,3.736,3.666,6004614,2434115744.0,1.92,2.3,0.084,2.22
2022-05-23,3.735,3.703,3.735,3.677,5120913,2070370272.0,1.55,-0.86,-0.032,1.89
2022-05-24,3.702,3.621,3.705,3.616,4156645,1664349504.0,2.4,-2.21,-0.082,1.53
2022-05-25,3.616,3.638,3.64,3.604,4576841,1814584624.0,0.99,0.47,0.017,1.69
2022-05-26,3.639,3.648,3.676,3.588,4816141,1914318704.0,2.42,0.27,0.01,1.78
2022-05-27,3.678,3.658,3.713,3.641,5532972,2228537584.0,1.97,0.27,0.01,2.04
2022-05-30,3.676,3.681,3.699,3.663,4505319,1813277776.0,0.98,0.63,0.023,1.66
2022-05-31,3.681,3.745,3.759,3.672,4522581,1836840912.0,2.36,1.74,0.064,1.67
2022-06-01,3.745,3.739,3.752,3.716,3774345,1540652768.0,0.96,-0.16,-0.006,1.39
2022-06-02,3.722,3.75,3.754,3.714,2901326,1183803264.0,1.07,0.29,0.011,1.07
2022-06-06,3.748,3.832,3.833,3.721,4238359,1751273376.0,2.99,2.19,0.082,1.56
2022-06-07,3.817,3.838,3.858,3.811,3808642,1592929728.0,1.23,0.16,0.006,1.41
2022-06-08,3.841,3.88,3.886,3.821,4272911,1796493328.0,1.69,1.09,0.042,1.58
2022-06-09,3.871,3.846,3.89,3.829,2916148,1226358656.0,1.57,-0.88,-0.034,1.08
2022-06-10,3.815,3.904,3.916,3.814,6480691,2738650048.0,2.65,1.51,0.058,2.39
2022-06-13,3.866,3.852,3.879,3.826,5799003,2431783712.0,1.36,-1.33,-0.052,2.14
2022-06-14,3.821,3.892,3.896,3.771,6249025,2613833376.0,3.25,1.04,0.04,2.31
2022-06-15,3.889,3.941,4.02,3.889,11218852,4834544896.0,3.37,1.26,0.049,4.14
2022-06-16,3.954,3.914,3.973,3.905,5075120,2175195328.0,1.73,-0.69,-0.027,1.87
2022-06-17,3.897,3.977,3.993,3.891,7156474,3070562896.0,2.61,1.61,0.063,2.64
2022-06-20,3.987,3.998,4.044,3.964,7324345,3177526640.0,2.01,0.53,0.021,2.7
2022-06-21,3.998,3.996,4.034,3.961,4224016,1833860944.0,1.83,-0.05,-0.002,1.56
2022-06-22,3.996,3.946,4.003,3.938,3619643,1560986304.0,1.63,-1.25,-0.05,1.34
2022-06-23,3.947,4.021,4.023,3.94,4056939,1755177552.0,2.1,1.9,0.075,1.5
2022-06-24,4.031,4.069,4.082,4.019,4148339,1823076992.0,1.57,1.19,0.048,1.53
2022-06-27,4.085,4.117,4.155,4.085,4559811,2036731648.0,1.72,1.18,0.048,1.68
2022-06-28,4.116,4.169,4.182,4.089,3748824,1678987264.0,2.26,1.26,0.052,1.38
2022-06-29,4.154,4.114,4.183,4.099,5448356,2437464368.0,2.01,-1.32,-0.055,2.01
2022-06-30,4.11,4.164,4.201,4.109,5680516,2558737776.0,2.24,1.22,0.05,2.1
2022-07-01,4.176,4.149,4.181,4.13,4455712,2004084496.0,1.22,-0.36,-0.015,1.65
2022-07-04,4.134,4.177,4.179,4.105,3874217,1742756112.0,1.78,0.67,0.028,1.43
2022-07-05,4.182,4.167,4.221,4.118,3921158,1764375392.0,2.47,-0.24,-0.01,1.45
2022-07-06,4.156,4.108,4.166,4.079,3189627,1422718112.0,2.09,-1.42,-0.059,1.18
2022-07-07,4.101,4.124,4.144,4.078,4030460,1799540016.0,1.61,0.39,0.016,1.49
2022-07-08,4.147,4.12,4.169,4.113,2082490,933514544.0,1.36,-0.1,-0.004,0.77
2022-07-11,4.102,4.044,4.102,4.026,4522075,1985923664.0,1.84,-1.84,-0.076,1.67
2022-07-12,4.038,4.008,4.063,3.994,3435392,1500811278.0,1.71,-0.89,-0.036,1.27
2022-07-13,4.011,4.015,4.035,3.984,2956003,1286893961.0,1.27,0.17,0.007,1.09
2022-07-14,4.011,4.016,4.045,3.992,3264143,1423957223.0,1.32,0.02,0.001,1.21
2022-07-15,4.006,3.951,4.056,3.949,7373071,3198511731.0,2.66,-1.62,-0.065,2.72
2022-07-18,3.968,3.997,4.015,3.93,3891151,1680718462.0,2.15,1.16,0.046,1.44
2022-07-19,3.993,3.975,3.993,3.941,3535270,1526690226.0,1.3,-0.55,-0.022,1.31
2022-07-20,3.996,3.987,4.016,3.974,2998384,1301780820.0,1.06,0.3,0.012,1.11
2022-07-21,3.971,3.942,3.994,3.941,3104926,1336941254.0,1.33,-1.13,-0.045,1.15
2022-07-22,3.957,3.945,3.991,3.915,3147688,1353688808.0,1.93,0.08,0.003,1.16
2022-07-25,3.941,3.927,3.944,3.909,2516761,1074518097.0,0.89,-0.46,-0.018,0.93
2022-07-26,3.933,3.956,3.976,3.93,3762545,1616765933.0,1.17,0.74,0.029,1.39
2022-07-27,3.946,3.932,3.953,3.924,2571786,1100930340.0,0.73,-0.61,-0.024,0.95
2022-07-28,3.948,3.935,3.986,3.931,3695810,1591342846.0,1.4,0.08,0.003,1.36
2022-07-29,3.939,3.876,3.961,3.867,4712654,2000643545.0,2.39,-1.5,-0.059,1.74
2022-08-01,3.862,3.894,3.904,3.837,2983915,1259938955.0,1.73,0.46,0.018,1.1
2022-08-02,3.866,3.823,3.866,3.788,5439733,2264729834.0,2.0,-1.82,-0.071,2.01
2022-08-03,3.836,3.778,3.865,3.767,3766628,1569163066.0,2.56,-1.18,-0.045,1.39
2022-08-04,3.795,3.809,3.818,3.778,2617509,1084601677.0,1.06,0.82,0.031,0.97
2022-08-05,3.812,3.874,3.88,3.809,3933852,1643679832.0,1.86,1.71,0.065,1.45
2022-08-08,3.857,3.86,3.875,3.849,1572824,661606877.0,0.67,-0.36,-0.014,0.58
2022-08-09,3.858,3.867,3.875,3.846,2418244,1017515521.0,0.75,0.18,0.007,0.89
2022-08-10,3.858,3.822,3.872,3.804,2037632,851095724.0,1.76,-1.16,-0.045,0.75
2022-08-11,3.839,3.91,3.916,3.832,3480503,1469915003.0,2.2,2.3,0.088,1.29
2022-08-12,3.908,3.911,3.922,3.894,2055898,874286490.0,0.72,0.03,0.001,0.76
2022-08-15,3.898,3.901,3.942,3.894,2328228,991661294.0,1.23,-0.26,-0.01,0.86
2022-08-16,3.906,3.891,3.928,3.883,1684834,715599992.0,1.15,-0.26,-0.01,0.62
2022-08-17,3.892,3.932,3.943,3.867,2810228,1196207108.0,1.95,1.05,0.041,1.04
2022-08-18,3.926,3.895,3.93,3.89,1999681,849821038.0,1.02,-0.94,-0.037,0.74
2022-08-19,3.891,3.865,3.907,3.863,2894411,1223343184.0,1.13,-0.77,-0.03,1.07
2022-08-22,3.856,3.892,3.904,3.852,3109324,1316161171.0,1.35,0.7,0.027,1.15
2022-08-23,3.889,3.878,3.906,3.859,2758776,1164226234.0,1.21,-0.36,-0.014,1.02
2022-08-24,3.89,3.801,3.894,3.792,4031611,1683776031.0,2.63,-1.99,-0.077,1.49
2022-08-25,3.809,3.837,3.842,3.78,3325107,1381245566.0,1.63,0.95,0.036,1.23
2022-08-26,3.835,3.831,3.857,3.824,2268554,949304012.0,0.86,-0.16,-0.006,0.84
2022-08-29,3.797,3.806,3.817,3.781,2345945,972243824.0,0.94,-0.65,-0.025,0.87
2022-08-30,3.81,3.797,3.812,3.762,2320948,958534782.0,1.31,-0.24,-0.009,0.86
2022-08-31,3.78,3.797,3.838,3.769,5552796,2299526279.0,1.82,0.0,0.0,2.05
2022-09-01,3.786,3.763,3.809,3.754,3202516,1320917293.0,1.45,-0.9,-0.034,1.18
2022-09-02,3.766,3.74,3.775,3.72,2637374,1078568286.0,1.46,-0.61,-0.023,0.97
2022-09-05,3.731,3.738,3.739,3.696,2158650,876596965.0,1.15,-0.05,-0.002,0.8
2022-09-06,3.751,3.767,3.772,3.73,2641015,1081646065.0,1.12,0.78,0.029,0.98
2022-09-07,3.753,3.775,3.787,3.75,1835728,755009708.0,0.98,0.21,0.008,0.68
2022-09-08,3.779,3.757,3.787,3.756,1716322,705978922.0,0.82,-0.48,-0.018,0.63
2022-09-09,3.763,3.815,3.823,3.762,3929759,1630730745.0,1.62,1.54,0.058,1.45
2022-09-13,3.822,3.829,3.851,3.818,3274312,1368323051.0,0.87,0.37,0.014,1.21
2022-09-14,3.79,3.783,3.811,3.77,4299139,1777685334.0,1.07,-1.2,-0.046,1.59
2022-09-15,3.79,3.746,3.803,3.721,5888444,2414072683.0,2.17,-0.98,-0.037,2.17
2022-09-16,3.733,3.656,3.743,3.652,7257809,2929005272.0,2.43,-2.4,-0.09,2.68
2022-09-19,3.65,3.645,3.671,3.631,3977904,1588020723.0,1.09,-0.3,-0.011,1.47
2022-09-20,3.662,3.647,3.679,3.636,3015150,1206397489.0,1.18,0.05,0.002,1.11
2022-09-21,3.636,3.617,3.646,3.599,3634886,1441702412.0,1.29,-0.82,-0.03,1.34
2022-09-22,3.601,3.588,3.62,3.576,2798468,1101764633.0,1.22,-0.8,-0.029,1.03
2022-09-23,3.588,3.58,3.607,3.548,5202490,2042024441.0,1.64,-0.22,-0.008,1.92
2022-09-26,3.556,3.555,3.614,3.55,7560336,2966154628.0,1.79,-0.7,-0.025,2.79
2022-09-27,3.566,3.605,3.613,3.548,5191603,2035835677.0,1.83,1.41,0.05,1.92
2022-09-28,3.591,3.549,3.594,3.546,5300816,2073607923.0,1.33,-1.55,-0.056,1.96
2022-09-29,3.572,3.55,3.593,3.529,5060836,1977736758.0,1.8,0.03,0.001,1.87
2022-09-30,3.551,3.524,3.571,3.521,6383788,2480624616.0,1.41,-0.73,-0.026,2.36
2022-10-10,3.523,3.445,3.526,3.433,6841092,2614912261.0,2.64,-2.24,-0.079,2.53
2022-10-11,3.447,3.442,3.46,3.426,4913807,1861116628.0,0.99,-0.09,-0.003,1.81
2022-10-12,3.443,3.504,3.507,3.375,7315130,2765038458.0,3.83,1.8,0.062,2.7
2022-10-13,3.472,3.471,3.503,3.462,3451403,1318777601.0,1.17,-0.94,-0.033,1.27
2022-10-14,3.508,3.559,3.579,3.499,7496291,2913802969.0,2.3,2.54,0.088,2.77
2022-10-17,3.551,3.558,3.562,3.525,3887601,1512958472.0,1.04,-0.03,-0.001,1.44
2022-10-18,3.58,3.551,3.586,3.543,4311344,1683477555.0,1.21,-0.2,-0.007,1.59
2022-10-19,3.546,3.492,3.558,3.49,2881623,1112398864.0,1.91,-1.66,-0.059,1.06
2022-10-20,3.476,3.48,3.532,3.447,3723050,1422560648.0,2.43,-0.34,-0.012,1.37
2022-10-21,3.493,3.458,3.495,3.44,3275721,1248398834.0,1.58,-0.63,-0.022,1.21
2022-10-24,3.455,3.36,3.489,3.342,6297940,2356237577.0,4.25,-2.83,-0.098,2.33
2022-10-25,3.348,3.344,3.395,3.317,8235170,3041126027.0,2.32,-0.48,-0.016,3.04
2022-10-26,3.346,3.372,3.424,3.345,6862870,2555494776.0,2.36,0.84,0.028,2.53
2022-10-27,3.395,3.346,3.406,3.345,5123971,1906381171.0,1.81,-0.77,-0.026,1.89
2022-10-28,3.333,3.26,3.339,3.251,7381372,2686507817.0,2.63,-2.57,-0.086,2.73
2022-10-31,3.236,3.221,3.272,3.208,5976564,2139122276.0,1.96,-1.2,-0.039,2.21
2022-11-01,3.241,3.359,3.361,3.236,10691572,3904744293.0,3.88,4.28,0.138,3.95
2022-11-02,3.341,3.393,3.423,3.334,7516463,2800488062.0,2.65,1.01,0.034,2.78
2022-11-03,3.373,3.363,3.388,3.345,4881107,1811025929.0,1.27,-0.88,-0.03,1.8
2022-11-04,3.361,3.49,3.507,3.36,11292457,4301093449.0,4.37,3.78,0.127,4.17
2022-11-07,3.466,3.49,3.511,3.465,5340734,2046292254.0,1.32,0.0,0.0,1.97
2022-11-08,3.49,3.467,3.499,3.443,8012579,3048899191.0,1.6,-0.66,-0.023,2.96
2022-11-09,3.467,3.427,3.48,3.423,5209240,1973017696.0,1.64,-1.15,-0.04,1.92
2022-11-10,3.406,3.406,3.422,3.383,5064964,1895277956.0,1.14,-0.61,-0.021,1.87
2022-11-11,3.498,3.504,3.554,3.466,13767023,5298752150.0,2.58,2.88,0.098,5.08
2022-11-14,3.554,3.506,3.575,3.496,8509669,3301268208.0,2.25,0.06,0.002,3.14
2022-11-15,3.498,3.581,3.59,3.491,7671835,2991368782.0,2.82,2.14,0.075,2.83
2022-11-16,3.574,3.552,3.594,3.547,5377972,2102969877.0,1.31,-0.81,-0.029,1.99
2022-11-17,3.542,3.535,3.542,3.491,7916228,3054875919.0,1.44,-0.48,-0.017,2.92
2022-11-18,3.538,3.522,3.558,3.515,6491949,2516386318.0,1.22,-0.37,-0.013,2.4
2022-11-21,3.493,3.489,3.493,3.446,5182489,1975747610.0,1.33,-0.94,-0.033,1.91
2022-11-22,3.483,3.487,3.527,3.461,6490256,2485266857.0,1.89,-0.06,-0.002,2.4
2022-11-23,3.476,3.49,3.512,3.47,5487916,2103792365.0,1.2,0.09,0.003,2.03
2022-11-24,3.506,3.472,3.524,3.466,4821489,1848016848.0,1.66,-0.52,-0.018,1.78
2022-11-25,3.475,3.493,3.51,3.461,5492158,2105975532.0,1.41,0.6,0.021,2.03
2022-11-28,3.428,3.448,3.455,3.386,6260914,2355441434.0,1.98,-1.29,-0.045,2.31
2022-11-29,3.47,3.564,3.573,3.47,7207068,2792262749.0,2.99,3.36,0.116,2.66
2022-11-30,3.554,3.567,3.583,3.551,4594858,1796654800.0,0.9,0.08,0.003,1.7
2022-12-01,3.636,3.612,3.666,3.611,6354126,2528610659.0,1.54,1.26,0.045,2.35
2022-12-02,3.611,3.589,3.62,3.587,10304210,4066062110.0,0.91,-0.64,-0.023,3.8
2022-12-05,3.63,3.66,3.663,3.613,8761771,3492977853.0,1.39,1.98,0.071,3.24
2022-12-06,3.648,3.683,3.706,3.644,7658073,3081714196.0,1.69,0.63,0.023,2.83
2022-12-07,3.676,3.671,3.722,3.656,6820751,2745026152.0,1.79,-0.33,-0.012,2.52
2022-12-08,3.671,3.68,3.689,3.659,5094095,2047176131.0,0.82,0.25,0.009,1.88
2022-12-09,3.679,3.714,3.725,3.664,6474552,2613255569.0,1.66,0.92,0.034,2.39
2022-12-12,3.701,3.672,3.701,3.668,4668575,1880206885.0,0.89,-1.13,-0.042,1.72
2022-12-13,3.674,3.661,3.684,3.656,3636743,1459236500.0,0.76,-0.3,-0.011,1.34
2022-12-14,3.666,3.671,3.689,3.651,6219074,2495651006.0,1.04,0.27,0.01,2.3
2022-12-15,3.672,3.669,3.681,3.644,5307513,2126027806.0,1.01,-0.05,-0.002,1.96
2022-12-16,3.667,3.673,3.682,3.648,9083687,3639862008.0,0.93,0.11,0.004,3.35
2022-12-19,3.678,3.615,3.689,3.598,7451965,2965759177.0,2.48,-1.58,-0.058,2.75
2022-12-20,3.601,3.552,3.604,3.529,8155655,3188456650.0,2.07,-1.74,-0.063,3.01
2022-12-21,3.557,3.549,3.567,3.538,5230558,2038360701.0,0.82,-0.08,-0.003,1.93
2022-12-22,3.572,3.557,3.6,3.537,6878210,2690306339.0,1.78,0.23,0.008,2.54
2022-12-23,3.54,3.547,3.568,3.528,10847910,4222061974.0,1.12,-0.28,-0.01,4.01
2022-12-26,3.546,3.556,3.576,3.544,6511937,2542745278.0,0.9,0.25,0.009,2.4
2022-12-27,3.596,3.603,3.609,3.575,5820488,2292894562.0,0.96,1.32,0.047,2.15
2022-12-28,3.595,3.59,3.601,3.573,6492690,2553573421.0,0.78,-0.36,-0.013,2.4
2022-12-29,3.575,3.578,3.589,3.552,7212710,2825957366.0,1.03,-0.33,-0.012,2.66
2022-12-30,3.593,3.594,3.607,3.59,6302286,2485143924.0,0.48,0.45,0.016,2.33
2023-01-03,3.593,3.605,3.617,3.546,6563108,2576087718.0,1.98,0.31,0.011,2.42
2023-01-04,3.604,3.61,3.621,3.587,9807997,3874438389.0,0.94,0.14,0.005,3.62
2023-01-05,3.631,3.685,3.691,3.628,7745023,3108571448.0,1.75,2.08,0.075,2.86
2023-01-06,3.686,3.701,3.718,3.682,5410808,2187353311.0,0.98,0.43,0.016,2.0
2023-01-09,3.721,3.726,3.742,3.708,7809599,3178181433.0,0.92,0.68,0.025,2.88
2023-01-10,3.724,3.732,3.748,3.718,7442622,3033001135.0,0.81,0.16,0.006,2.75
2023-01-11,3.733,3.732,3.761,3.725,5715114,2334923330.0,0.96,0.0,0.0,2.11
2023-01-12,3.739,3.738,3.751,3.724,3255872,1328948654.0,0.72,0.16,0.006,1.2
2023-01-13,3.745,3.8,3.804,3.745,6559090,2702284069.0,1.58,1.66,0.062,2.42
2023-01-16,3.805,3.863,3.904,3.803,17163759,7109168359.0,2.66,1.66,0.063,6.34
2023-01-17,3.863,3.859,3.872,3.842,6015131,2488168863.0,0.78,-0.1,-0.004,2.22
2023-01-18,3.866,3.85,3.872,3.846,4456901,1843406132.0,0.67,-0.23,-0.009,1.65
2023-01-19,3.841,3.878,3.88,3.823,6074324,2513066753.0,1.48,0.73,0.028,2.24
2023-01-20,3.893,3.901,3.914,3.885,5700822,2382114372.0,0.75,0.59,0.023,2.1
2023-01-30,3.98,3.925,3.987,3.918,8013471,3386449597.0,1.77,0.62,0.024,2.96
2023-01-31,3.928,3.879,3.937,3.872,11392222,4761842944.0,1.66,-1.17,-0.046,4.21
2023-02-01,3.884,3.91,3.912,3.853,7156520,2981748341.0,1.52,0.8,0.031,2.64
2023-02-02,3.922,3.9,3.925,3.883,10018528,4188623374.0,1.07,-0.26,-0.01,3.7
2023-02-03,3.874,3.857,3.877,3.821,9600521,3961301299.0,1.44,-1.1,-0.043,3.54
2023-02-06,3.823,3.8,3.824,3.778,7314597,2982940562.0,1.19,-1.48,-0.057,2.7
2023-02-07,3.806,3.81,3.821,3.79,5539881,2263547380.0,0.82,0.26,0.01,2.05
2023-02-08,3.812,3.793,3.829,3.785,4628713,1889787994.0,1.15,-0.45,-0.017,1.71
2023-02-09,3.787,3.847,3.851,3.783,5958886,2450554135.0,1.79,1.42,0.054,2.2
2023-02-10,3.848,3.823,3.848,3.806,5205224,2135893097.0,1.09,-0.62,-0.024,1.92
2023-02-13,3.81,3.855,3.861,3.803,8280101,3415190764.0,1.52,0.84,0.032,3.06
2023-02-14,3.861,3.864,3.867,3.839,3326324,1374345788.0,0.73,0.23,0.009,1.23
2023-02-15,3.861,3.836,3.874,3.828,6455068,2658512888.0,1.19,-0.72,-0.028,2.38
2023-02-16,3.84,3.807,3.888,3.782,7925101,3275079466.0,2.76,-0.76,-0.029,2.93
2023-02-17,3.805,3.749,3.821,3.745,7433949,3025278809.0,2.0,-1.52,-0.058,2.74
2023-02-20,3.754,3.854,3.857,3.748,10495255,4282521265.0,2.91,2.8,0.105,3.88
2023-02-21,3.854,3.859,3.87,3.834,5609025,2318009475.0,0.93,0.13,0.005,2.07
2023-02-22,3.843,3.819,3.854,3.812,4529454,1861371777.0,1.09,-1.04,-0.04,1.67
2023-02-23,3.823,3.819,3.845,3.801,4655595,1908740957.0,1.15,0.0,0.0,1.72
2023-02-24,3.818,3.78,3.818,3.76,8087762,3282777177.0,1.52,-1.02,-0.039,2.99
2023-02-27,3.76,3.765,3.783,3.748,4569575,1848791379.0,0.93,-0.4,-0.015,1.69
2023-02-28,3.777,3.791,3.796,3.74,4845454,1963458643.0,1.49,0.69,0.026,1.79
2023-03-01,3.787,3.84,3.856,3.78,11804810,4856375177.0,2.0,1.29,0.049,4.36
2023-03-02,3.83,3.835,3.854,3.827,4391329,1808866225.0,0.7,-0.13,-0.005,1.62
2023-03-03,3.846,3.844,3.856,3.814,4201757,1730990673.0,1.1,0.23,0.009,1.55
2023-03-06,3.845,3.819,3.847,3.8,9293025,3808515076.0,1.22,-0.65,-0.025,3.43
2023-03-07,3.815,3.762,3.838,3.759,6746494,2756431261.0,2.07,-1.49,-0.057,2.49
2023-03-08,3.75,3.746,3.755,3.73,4313154,1735039806.0,0.66,-0.43,-0.016,1.59
2023-03-09,3.752,3.736,3.756,3.712,4079365,1639051249.0,1.17,-0.27,-0.01,1.51
2023-03-10,3.71,3.681,3.724,3.679,4981129,1982846713.0,1.2,-1.47,-0.055,1.84
2023-03-13,3.681,3.725,3.728,3.681,4674529,1865984620.0,1.28,1.2,0.044,1.73
2023-03-14,3.72,3.7,3.72,3.665,4635416,1842611053.0,1.48,-0.67,-0.025,1.71
2023-03-15,3.726,3.699,3.736,3.698,3933011,1571377024.0,1.03,-0.03,-0.001,1.45
2023-03-16,3.68,3.653,3.699,3.65,4331438,1713141943.0,1.32,-1.24,-0.046,1.6
2023-03-17,3.68,3.674,3.724,3.655,11235012,4453754362.0,1.89,0.57,0.021,4.15
2023-03-20,3.674,3.652,3.696,3.646,5709548,2258210593.0,1.36,-0.6,-0.022,2.11
2023-03-21,3.663,3.695,3.699,3.661,5567437,2206195773.0,1.04,1.18,0.043,2.06
2023-03-22,3.705,3.713,3.729,3.699,5817562,2323803781.0,0.81,0.49,0.018,2.15
2023-03-23,3.7,3.751,3.752,3.698,5344729,2143951550.0,1.45,1.02,0.038,1.97
2023-03-24,3.743,3.746,3.754,3.734,2548953,1025007603.0,0.53,-0.13,-0.005,0.94
2023-03-27,3.745,3.725,3.745,3.704,4912547,1966086521.0,1.09,-0.56,-0.021,1.81
2023-03-28,3.726,3.717,3.738,3.71,5072061,2029086627.0,0.75,-0.21,-0.008,1.87
2023-03-29,3.738,3.717,3.739,3.711,6163363,2467227537.0,0.75,0.0,0.0,2.28
2023-03-30,3.718,3.76,3.761,3.701,5572070,2238129589.0,1.61,1.16,0.043,2.06
2023-03-31,3.765,3.77,3.783,3.759,6711625,2718176592.0,0.64,0.27,0.01,2.48
2023-04-03,3.77,3.8,3.811,3.765,5513397,2243377317.0,1.22,0.8,0.03,2.04
2023-04-04,3.8,3.82,3.822,3.792,4803087,1960368642.0,0.79,0.53,0.02,1.77
2023-04-06,3.805,3.808,3.813,3.793,3782868,1544679079.0,0.52,-0.31,-0.012,1.4
2023-04-07,3.808,3.837,3.849,3.806,3295857,1355999026.0,1.13,0.76,0.029,1.22
2023-04-10,3.848,3.822,3.849,3.818,4743616,1948356331.0,0.81,-0.39,-0.015,1.75
2023-04-11,3.825,3.812,3.832,3.798,5359550,2195224021.0,0.89,-0.26,-0.01,1.98
2023-04-12,3.813,3.808,3.818,3.8,3358337,1373120380.0,0.47,-0.1,-0.004,1.24
2023-04-13,3.799,3.783,3.805,3.777,4021907,1635782613.0,0.74,-0.66,-0.025,1.49
2023-04-14,3.795,3.804,3.814,3.791,4560326,1860596353.0,0.61,0.56,0.021,1.68
2023-04-17,3.801,3.865,3.867,3.8,6325480,2605868198.0,1.76,1.6,0.061,2.34
2023-04-18,3.864,3.872,3.883,3.856,4160543,1726660643.0,0.7,0.18,0.007,1.54
2023-04-19,3.874,3.839,3.874,3.835,4085730,1688498846.0,1.01,-0.85,-0.033,1.51
2023-04-20,3.838,3.823,3.842,3.81,6073086,2491260807.0,0.83,-0.42,-0.016,2.24
2023-04-21,3.823,3.75,3.826,3.744,6836486,2776624903.0,2.14,-1.91,-0.073,2.52
2023-04-24,3.749,3.699,3.752,3.683,5940937,2372492823.0,1.84,-1.36,-0.051,2.19
2023-04-25,3.7,3.68,3.708,3.644,9664268,3820424644.0,1.73,-0.51,-0.019,3.57
2023-04-26,3.678,3.671,3.69,3.654,9034653,3570141037.0,0.98,-0.24,-0.009,3.34
2023-04-27,3.668,3.706,3.72,3.66,4677697,1857891159.0,1.63,0.95,0.035,1.73
2023-04-28,3.717,3.745,3.75,3.711,4518062,1813115078.0,1.05,1.05,0.039,1.67
2023-05-04,3.733,3.745,3.747,3.716,3378611,1356998397.0,0.83,0.0,0.0,1.25
2023-05-05,3.746,3.729,3.758,3.709,3379499,1355979468.0,1.31,-0.43,-0.016,1.25
2023-05-08,3.736,3.774,3.784,3.731,6848152,2769137971.0,1.42,1.21,0.045,2.53
2023-05-09,3.779,3.739,3.805,3.739,5668907,2299963548.0,1.75,-0.93,-0.035,2.09
2023-05-10,3.737,3.708,3.739,3.7,9165933,3663507046.0,1.04,-0.83,-0.031,3.38
2023-05-11,3.718,3.703,3.728,3.7,3216150,1284651681.0,0.76,-0.13,-0.005,1.19
2023-05-12,3.702,3.652,3.716,3.65,5187745,2053102560.0,1.78,-1.38,-0.051,1.92
2023-05-15,3.654,3.715,3.716,3.643,8107574,3203031252.0,2.0,1.73,0.063,2.99
2023-05-16,3.714,3.698,3.72,3.682,4068203,1620578488.0,1.02,-0.46,-0.017,1.5
2023-05-17,3.691,3.671,3.702,3.661,6405805,2535368771.0,1.11,-0.73,-0.027,2.37
2023-05-18,3.678,3.67,3.698,3.651,7006002,2770097587.0,1.28,-0.03,-0.001,2.59
2023-05-19,3.66,3.664,3.686,3.642,3417126,1347166083.0,1.2,-0.16,-0.006,1.26
2023-05-22,3.663,3.684,3.705,3.65,5003757,1981482735.0,1.5,0.55,0.02,1.85
2023-05-23,3.687,3.627,3.691,3.626,6117573,2405349012.0,1.76,-1.55,-0.057,2.26
2023-05-24,3.622,3.574,3.623,3.572,7672776,2973586313.0,1.41,-1.46,-0.053,2.83
2023-05-25,3.568,3.565,3.578,3.532,4918567,1888723116.0,1.29,-0.25,-0.009,1.82
2023-05-26,3.563,3.57,3.581,3.533,4462037,1713952910.0,1.35,0.14,0.005,1.65
2023-05-29,3.578,3.554,3.59,3.539,4030135,1546653526.0,1.43,-0.45,-0.016,1.49
2023-05-30,3.546,3.558,3.567,3.51,5720979,2186287405.0,1.6,0.11,0.004,2.11
2023-05-31,3.548,3.522,3.548,3.505,7338757,2792006056.0,1.21,-1.01,-0.036,2.71
2023-06-01,3.519,3.53,3.56,3.514,6749757,2579669883.0,1.31,0.23,0.008,2.49
2023-06-02,3.55,3.583,3.593,3.55,6929781,2672332967.0,1.22,1.5,0.053,2.56
2023-06-05,3.577,3.565,3.581,3.555,3611549,1389909743.0,0.73,-0.5,-0.018,1.33
2023-06-06,3.566,3.528,3.594,3.524,4115697,1579493947.0,1.96,-1.04,-0.037,1.52
2023-06-07,3.54,3.516,3.547,3.503,3721767,1416641429.0,1.25,-0.34,-0.012,1.37
2023-06-08,3.516,3.548,3.563,3.503,3834889,1462204388.0,1.71,0.91,0.032,1.42
2023-06-09,3.549,3.564,3.567,3.542,5270689,2021624139.0,0.7,0.45,0.016,1.95
2023-06-12,3.56,3.568,3.59,3.545,4596593,1768357700.0,1.26,0.11,0.004,1.7
2023-06-13,3.56,3.597,3.6,3.557,3503880,1353181342.0,1.21,0.81,0.029,1.29
2023-06-14,3.599,3.597,3.624,3.595,4441136,1727523754.0,0.81,0.0,0.0,1.64
2023-06-15,3.606,3.662,3.663,3.6,5084305,1990297387.0,1.75,1.81,0.065,1.88
2023-06-16,3.669,3.699,3.708,3.669,6021488,2389873017.0,1.06,1.01,0.037,2.22
2023-06-19,3.699,3.669,3.699,3.664,4003074,1583693179.0,0.95,-0.81,-0.03,1.48
2023-06-20,3.661,3.662,3.679,3.656,3538923,1396571289.0,0.63,-0.19,-0.007,1.31
2023-06-21,3.655,3.607,3.659,3.605,4893537,1915610962.0,1.47,-1.5,-0.055,1.81
2023-06-26,3.586,3.563,3.59,3.551,6404956,2462685974.0,1.08,-1.22,-0.044,2.36
2023-06-27,3.562,3.589,3.599,3.555,3971021,1532293882.0,1.23,0.73,0.026,1.47
2023-06-28,3.583,3.597,3.598,3.557,4627456,1786039957.0,1.14,0.22,0.008,1.71
2023-06-29,3.597,3.579,3.599,3.567,3002626,1159259690.0,0.89,-0.5,-0.018,1.11
2023-06-30,3.578,3.602,3.62,3.573,5299183,2058017000.0,1.31,0.64,0.023,1.96
2023-07-03,3.61,3.647,3.659,3.608,4739097,1857984547.0,1.42,1.25,0.045,1.75
2023-07-04,3.645,3.654,3.656,3.639,2521213,990312869.0,0.47,0.19,0.007,0.93
2023-07-05,3.648,3.627,3.654,3.621,2712152,1061461518.0,0.9,-0.74,-0.027,1.0
2023-07-06,3.62,3.599,3.64,3.594,3467439,1349288878.0,1.27,-0.77,-0.028,1.28
2023-07-07,3.595,3.588,3.604,3.579,3022777,1170006594.0,0.69,-0.31,-0.011,1.12
2023-07-10,3.606,3.604,3.63,3.592,4284868,1668025659.0,1.06,0.45,0.016,1.58
2023-07-11,3.617,3.63,3.635,3.607,5874389,2292218456.0,0.78,0.72,0.026,2.17
2023-07-12,3.634,3.611,3.64,3.601,3894108,1520311053.0,1.07,-0.52,-0.019,1.44
2023-07-13,3.63,3.674,3.677,3.63,5722866,2254997240.0,1.3,1.74,0.063,2.11
2023-07-14,3.68,3.672,3.684,3.67,3632621,1437431006.0,0.38,-0.05,-0.002,1.34
2023-07-17,3.666,3.644,3.666,3.628,4486126,1757874089.0,1.03,-0.76,-0.028,1.66
2023-07-18,3.645,3.638,3.652,3.625,2666707,1044528809.0,0.74,-0.16,-0.006,0.98
2023-07-19,3.63,3.636,3.644,3.615,5012407,1958620837.0,0.8,-0.05,-0.002,1.85
2023-07-20,3.643,3.608,3.662,3.601,8715071,3409059171.0,1.68,-0.77,-0.028,3.22
2023-07-21,3.608,3.61,3.637,3.595,7272501,2831069309.0,1.16,0.06,0.002,2.69
2023-07-24,3.59,3.593,3.617,3.584,4549820,1762582929.0,0.91,-0.47,-0.017,1.68
2023-07-25,3.64,3.705,3.706,3.64,11409824,4516702930.0,1.84,3.12,0.112,4.21
2023-07-26,3.7,3.696,3.702,3.681,5880386,2336248742.0,0.57,-0.24,-0.009,2.17
2023-07-27,3.705,3.692,3.718,3.68,6024658,2399970524.0,1.03,-0.11,-0.004,2.22
2023-07-28,3.673,3.788,3.795,3.673,14964884,6045486970.0,3.3,2.6,0.096,5.53
2023-07-31,3.82,3.804,3.861,3.794,17906350,7347223022.0,1.77,0.42,0.016,6.61
2023-08-01,3.8,3.786,3.825,3.775,11359816,4628166309.0,1.31,-0.47,-0.018,4.19
2023-08-02,3.779,3.757,3.8,3.746,7894398,3195405068.0,1.43,-0.77,-0.029,2.91
2023-08-03,3.751,3.793,3.795,3.751,7379311,2990984772.0,1.17,0.96,0.036,2.72
2023-08-04,3.835,3.814,3.852,3.8,14223575,5844695555.0,1.37,0.55,0.021,5.25
2023-08-07,3.796,3.783,3.796,3.769,12814224,5203107906.0,0.71,-0.81,-0.031,4.73
2023-08-08,3.768,3.768,3.795,3.755,11165791,4524172048.0,1.06,-0.4,-0.015,4.12
2023-08-09,3.758,3.76,3.775,3.754,13325079,5388159549.0,0.56,-0.21,-0.008,4.92
2023-08-10,3.758,3.765,3.77,3.734,9382509,3788454446.0,0.96,0.13,0.005,3.46
2023-08-11,3.765,3.67,3.768,3.668,12885598,5137860063.0,2.66,-2.52,-0.095,4.76
2023-08-14,3.639,3.643,3.652,3.604,10386003,4062406138.0,1.31,-0.74,-0.027,3.83
2023-08-15,3.647,3.639,3.655,3.601,8165194,3193418408.0,1.48,-0.11,-0.004,3.01
2023-08-16,3.622,3.609,3.642,3.607,8558495,3338499228.0,0.96,-0.82,-0.03,3.16
2023-08-17,3.591,3.622,3.629,3.575,11561183,4488757418.0,1.5,0.36,0.013,4.27
2023-08-18,3.624,3.572,3.634,3.571,12755465,4949895035.0,1.74,-1.38,-0.05,4.71
2023-08-21,3.563,3.52,3.574,3.517,11009244,4211773045.0,1.6,-1.46,-0.052,4.07
2023-08-22,3.538,3.543,3.561,3.492,13315289,5068251898.0,1.96,0.65,0.023,4.92
2023-08-23,3.53,3.488,3.541,3.479,10824197,4103294099.0,1.75,-1.55,-0.055,4.0
2023-08-24,3.495,3.511,3.54,3.492,9526548,3613485225.0,1.38,0.66,0.023,3.52
2023-08-25,3.496,3.504,3.529,3.488,11745355,4441349667.0,1.17,-0.2,-0.007,4.34
2023-08-28,3.731,3.557,3.731,3.53,28220118,10967426433.0,5.74,1.51,0.053,10.42
2023-08-29,3.54,3.579,3.608,3.538,21940525,8447914072.0,1.97,0.62,0.022,8.1
2023-08-30,3.584,3.578,3.604,3.57,10361323,4005949852.0,0.95,-0.03,-0.001,3.83
2023-08-31,3.578,3.559,3.585,3.55,8384688,3223625329.0,0.98,-0.53,-0.019,3.1
2023-09-01,3.577,3.582,3.6,3.57,7926925,3061777815.0,0.84,0.65,0.023,2.93
2023-09-04,3.61,3.64,3.65,3.594,11855233,4631839161.0,1.56,1.62,0.058,4.38
2023-09-05,3.63,3.613,3.632,3.605,6297701,2454185740.0,0.74,-0.74,-0.027,2.33
2023-09-06,3.6,3.603,3.613,3.586,7151761,2772119111.0,0.75,-0.28,-0.01,2.64
2023-09-07,3.595,3.55,3.596,3.546,9410350,3620025670.0,1.39,-1.47,-0.053,3.47
2023-09-08,3.535,3.529,3.548,3.516,8186358,3117927088.0,0.9,-0.59,-0.021,3.02
2023-09-11,3.53,3.557,3.581,3.523,8166508,3130054721.0,1.64,0.79,0.028,3.02
2023-09-12,3.554,3.552,3.566,3.545,5949369,2280742953.0,0.59,-0.14,-0.005,2.2
2023-09-13,3.551,3.527,3.562,3.507,10321331,3927790358.0,1.55,-0.7,-0.025,3.81
2023-09-14,3.526,3.524,3.538,3.505,9282830,3527433204.0,0.94,-0.09,-0.003,3.43
2023-09-15,3.531,3.507,3.538,3.489,11906221,4515384978.0,1.39,-0.48,-0.017,4.4
2023-09-18,3.498,3.52,3.531,3.484,9859264,3740921119.0,1.34,0.37,0.013,3.64
2023-09-19,3.516,3.515,3.518,3.492,7270063,2752539515.0,0.74,-0.14,-0.005,2.68
2023-09-20,3.505,3.497,3.513,3.497,6341355,2399486875.0,0.46,-0.51,-0.018,2.34
2023-09-21,3.489,3.462,3.503,3.461,8991970,3378417954.0,1.2,-1.0,-0.035,3.32
2023-09-22,3.456,3.537,3.538,3.455,12471166,4719058010.0,2.4,2.17,0.075,4.6
2023-09-25,3.526,3.509,3.529,3.502,7009057,2656946227.0,0.76,-0.79,-0.028,2.59
2023-09-26,3.506,3.488,3.517,3.486,8629085,3257834057.0,0.88,-0.6,-0.021,3.19
2023-09-27,3.487,3.498,3.525,3.486,10780540,4074752971.0,1.12,0.29,0.01,3.98
2023-09-28,3.505,3.484,3.511,3.476,11206124,4221645459.0,1.0,-0.4,-0.014,4.14
2023-10-09,3.477,3.474,3.488,3.433,8752131,3273783140.0,1.58,-0.29,-0.01,3.23
2023-10-10,3.486,3.447,3.498,3.444,9279324,3475885457.0,1.55,-0.78,-0.027,3.43
2023-10-11,3.465,3.455,3.482,3.447,8934987,3346389864.0,1.02,0.23,0.008,3.3
2023-10-12,3.49,3.491,3.505,3.472,9335216,3516113484.0,0.96,1.04,0.036,3.45
2023-10-13,3.47,3.456,3.471,3.444,11350953,4239502340.0,0.77,-1.0,-0.035,4.19
2023-10-16,3.456,3.413,3.458,3.402,11389806,4217878506.0,1.62,-1.24,-0.043,4.21
2023-10-17,3.42,3.425,3.433,3.407,8880603,3286594496.0,0.76,0.35,0.012,3.28
2023-10-18,3.419,3.397,3.423,3.395,8102706,2986654336.0,0.82,-0.82,-0.028,2.99
2023-10-19,3.38,3.32,3.38,3.315,16903688,6128588638.0,1.91,-2.27,-0.077,6.24
2023-10-20,3.303,3.302,3.32,3.285,17404462,6233727376.0,1.05,-0.54,-0.018,6.43
2023-10-23,3.288,3.264,3.29,3.232,27102417,9591980200.0,1.76,-1.15,-0.038,10.01
2023-10-24,3.273,3.269,3.283,3.24,15350130,5440874384.0,1.32,0.15,0.005,5.67
2023-10-25,3.308,3.289,3.323,3.287,13833516,4957392955.0,1.1,0.61,0.02,5.11
2023-10-26,3.275,3.302,3.306,3.268,11436095,4074940755.0,1.16,0.4,0.013,4.22
2023-10-27,3.294,3.356,3.369,3.285,16476624,5952697550.0,2.54,1.64,0.054,6.08
2023-10-30,3.342,3.372,3.383,3.34,9614014,3503763582.0,1.28,0.48,0.016,3.55
2023-10-31,3.365,3.364,3.37,3.342,8396600,3053046237.0,0.83,-0.24,-0.008,3.1
2023-11-01,3.4,3.362,3.4,3.352,8119834,2960433483.0,1.43,-0.06,-0.002,3.0
2023-11-02,3.368,3.345,3.389,3.344,10753816,3915900772.0,1.34,-0.51,-0.017,3.97
2023-11-03,3.351,3.373,3.388,3.35,10578227,3863396873.0,1.14,0.84,0.028,3.91
2023-11-06,3.395,3.421,3.425,3.394,11766496,4344615629.0,0.92,1.42,0.048,4.34
2023-11-07,3.412,3.41,3.421,3.396,6575291,2424393951.0,0.73,-0.32,-0.011,2.43
2023-11-08,3.403,3.399,3.416,3.378,11353212,4175672872.0,1.11,-0.32,-0.011,4.19
2023-11-09,3.391,3.402,3.415,3.389,8185694,3012831353.0,0.76,0.09,0.003,3.02
2023-11-10,3.388,3.375,3.388,3.363,7841768,2864208754.0,0.73,-0.79,-0.027,2.9
2023-11-13,3.379,3.37,3.386,3.35,6744633,2456900620.0,1.07,-0.15,-0.005,2.49
2023-11-14,3.374,3.37,3.39,3.355,7533172,2750944509.0,1.04,0.0,0.0,2.78
2023-11-15,3.4,3.395,3.411,3.383,9940631,3654308894.0,0.83,0.74,0.025,3.67
2023-11-16,3.39,3.359,3.393,3.357,8815567,3216526669.0,1.06,-1.06,-0.036,3.26
2023-11-17,3.35,3.354,3.358,3.332,11984509,4344183851.0,0.77,-0.15,-0.005,4.43
2023-11-20,3.357,3.365,3.377,3.33,8584304,3119864711.0,1.4,0.33,0.011,3.17
2023-11-21,3.375,3.37,3.406,3.36,9316055,3414862520.0,1.37,0.15,0.005,3.44
2023-11-22,3.361,3.331,3.366,3.33,7622027,2765607794.0,1.07,-1.16,-0.039,2.81
2023-11-23,3.329,3.35,3.352,3.315,7749718,2800813039.0,1.11,0.57,0.019,2.86
2023-11-24,3.346,3.325,3.347,3.318,7434533,2684275512.0,0.87,-0.75,-0.025,2.75
2023-11-27,3.324,3.301,3.324,3.277,7762956,2773819650.0,1.41,-0.72,-0.024,2.87
2023-11-28,3.295,3.305,3.31,3.286,7274837,2603222024.0,0.73,0.12,0.004,2.69
2023-11-29,3.306,3.278,3.309,3.265,7590570,2702123586.0,1.33,-0.82,-0.027,2.8
2023-11-30,3.274,3.282,3.292,3.267,6678101,2377329010.0,0.76,0.12,0.004,2.47
2023-12-01,3.281,3.268,3.287,3.239,8604681,3046328676.0,1.46,-0.43,-0.014,3.18
2023-12-04,3.271,3.244,3.274,3.243,6925230,2448340185.0,0.95,-0.73,-0.024,2.56
2023-12-05,3.239,3.178,3.239,3.177,10087896,3519764103.0,1.91,-2.03,-0.066,3.72
2023-12-06,3.174,3.183,3.203,3.164,10019449,3471511576.0,1.23,0.16,0.005,3.7
2023-12-07,3.181,3.174,3.188,3.151,9345058,3222732043.0,1.16,-0.28,-0.009,3.45
2023-12-08,3.175,3.181,3.193,3.17,7091986,2456531937.0,0.72,0.22,0.007,2.62
2023-12-11,3.16,3.205,3.217,3.135,9982478,3440612626.0,2.58,0.75,0.024,3.69
2023-12-12,3.196,3.213,3.215,3.193,6407242,2232549949.0,0.69,0.25,0.008,2.37
2023-12-13,3.202,3.155,3.206,3.152,7088152,2449237490.0,1.68,-1.81,-0.058,2.62
2023-12-14,3.171,3.139,3.185,3.134,7415331,2548257393.0,1.62,-0.51,-0.016,2.74
2023-12-15,3.15,3.132,3.174,3.125,8999768,3083345817.0,1.56,-0.22,-0.007,3.32
2023-12-18,3.118,3.118,3.139,3.1,8473038,2880805451.0,1.25,-0.45,-0.014,3.13
2023-12-19,3.117,3.12,3.134,3.1,10985366,3728059629.0,1.09,0.06,0.002,4.06
2023-12-20,3.124,3.089,3.129,3.085,10347176,3505163478.0,1.41,-0.99,-0.031,3.82
2023-12-21,3.075,3.12,3.131,3.072,15924481,5392955427.0,1.91,1.0,0.031,5.88
2023-12-22,3.117,3.126,3.15,3.102,20765265,7076759645.0,1.54,0.19,0.006,7.67
2023-12-25,3.125,3.135,3.14,3.121,10041465,3425066434.0,0.61,0.29,0.009,3.71
2023-12-26,3.133,3.115,3.133,3.105,7771693,2637394901.0,0.89,-0.64,-0.02,2.87
2023-12-27,3.116,3.125,3.131,3.098,8361725,2840693989.0,1.06,0.32,0.01,3.09
2023-12-28,3.121,3.209,3.218,3.12,23832992,8259924175.0,3.14,2.69,0.084,8.8
2023-12-29,3.208,3.219,3.225,3.202,25188735,8806298908.0,0.72,0.31,0.01,9.3
2024-01-02,3.222,3.173,3.222,3.171,9429306,3269676679.0,1.58,-1.43,-0.046,3.48
2024-01-03,3.166,3.163,3.18,3.148,10617503,3654757871.0,1.01,-0.32,-0.01,3.92
2024-01-04,3.162,3.133,3.162,3.107,16661525,5674869534.0,1.74,-0.95,-0.03,6.15
2024-01-05,3.124,3.116,3.159,3.097,16996697,5796964474.0,1.98,-0.54,-0.017,6.28
2024-01-08,3.109,3.069,3.123,3.066,17304244,5816612453.0,1.83,-1.51,-0.047,6.39
2024-01-09,3.071,3.077,3.091,3.059,11312178,3794394933.0,1.04,0.26,0.008,4.18
2024-01-10,3.07,3.061,3.101,3.052,9582541,3211385597.0,1.59,-0.52,-0.016,3.54
2024-01-11,3.061,3.08,3.1,3.054,12662372,4254642486.0,1.5,0.62,0.019,4.68
2024-01-12,3.071,3.069,3.097,3.066,8413273,2826380699.0,1.01,-0.36,-0.011,3.11
2024-01-15,3.05,3.065,3.095,3.044,9055706,3030920178.0,1.66,-0.13,-0.004,3.34
2024-01-16,3.06,3.087,3.088,3.046,17689524,5925099758.0,1.37,0.72,0.022,6.53
2024-01-17,3.077,3.012,3.077,3.01,12862152,4278633103.0,2.17,-2.43,-0.075,4.75
2024-01-18,3.007,3.057,3.064,2.955,47543511,15257021704.0,3.62,1.49,0.045,17.56
2024-01-19,3.038,3.064,3.074,3.031,36944521,12079016731.0,1.41,0.23,0.007,13.64
2024-01-22,3.054,2.995,3.064,2.982,46470565,15113081733.0,2.68,-2.25,-0.069,17.16
2024-01-23,2.988,3.017,3.036,2.975,13924804,4481443569.0,2.04,0.73,0.022,5.14
2024-01-24,3.028,3.068,3.069,2.977,22789369,7373901841.0,3.05,1.69,0.051,8.41
2024-01-25,3.059,3.124,3.129,3.05,16487014,5449682868.0,2.57,1.83,0.056,6.09
2024-01-26,3.117,3.118,3.139,3.101,21833051,7273329362.0,1.22,-0.19,-0.006,8.06
2024-01-29,3.12,3.088,3.134,3.087,10113930,3358335864.0,1.51,-0.96,-0.03,3.73
2024-01-30,3.07,3.032,3.087,3.03,18892623,6186331951.0,1.85,-1.81,-0.056,6.98
2024-01-31,3.022,3.011,3.038,2.986,19090997,6157214385.0,1.72,-0.69,-0.021,7.05
2024-02-01,2.989,3.007,3.037,2.979,18909976,6091552415.0,1.93,-0.13,-0.004,6.98
2024-02-02,3.007,2.977,3.021,2.891,25386942,8074716502.0,4.32,-1.0,-0.03,9.37
2024-02-05,2.947,2.997,3.023,2.9,26601787,8439536816.0,4.13,0.67,0.02,9.82
2024-02-06,2.974,3.1,3.103,2.971,20089182,6562526022.0,4.4,3.44,0.103,7.42
2024-02-07,3.099,3.129,3.131,3.076,34658147,11514587248.0,1.77,0.94,0.029,12.8
2024-02-08,3.141,3.151,3.155,3.122,23942620,8019665628.0,1.05,0.7,0.022,8.84
2024-02-19,3.163,3.178,3.181,3.144,14861876,5016056179.0,1.17,0.86,0.027,5.49
2024-02-20,3.172,3.19,3.194,3.161,9801668,3322077448.0,1.04,0.38,0.012,3.62
2024-02-21,3.177,3.238,3.285,3.171,16009581,5528334980.0,3.57,1.5,0.048,5.91
2024-02-22,3.236,3.264,3.266,3.23,9446351,3270537309.0,1.11,0.8,0.026,3.49
2024-02-23,3.264,3.267,3.286,3.253,10908774,3794512188.0,1.01,0.09,0.003,4.03
2024-02-26,3.265,3.232,3.271,3.226,11172368,3865703825.0,1.38,-1.07,-0.035,4.13
2024-02-27,3.224,3.273,3.275,3.222,10468849,3620336718.0,1.64,1.27,0.041,3.87
2024-02-28,3.276,3.237,3.303,3.235,28549979,9926190298.0,2.08,-1.1,-0.036,10.54
2024-02-29,3.229,3.292,3.296,3.226,14835850,5163736038.0,2.16,1.7,0.055,5.48
2024-03-01,3.29,3.319,3.329,3.284,12256393,4311480716.0,1.37,0.82,0.027,4.53
2024-03-04,3.315,3.316,3.326,3.297,10146550,3576642516.0,0.87,-0.09,-0.003,3.75
2024-03-05,3.304,3.345,3.355,3.297,27991019,9924986737.0,1.75,0.87,0.029,10.34
2024-03-06,3.34,3.331,3.361,3.327,12995274,4612496593.0,1.02,-0.42,-0.014,4.8
2024-03-07,3.33,3.312,3.349,3.304,10589480,3740550493.0,1.35,-0.57,-0.019,3.91
2024-03-08,3.314,3.322,3.329,3.293,8621877,3038389403.0,1.09,0.3,0.01,3.18
2024-03-11,3.32,3.37,3.373,3.319,11207615,3980306236.0,1.63,1.44,0.048,4.14
2024-03-12,3.372,3.375,3.388,3.357,11058396,3962320648.0,0.92,0.15,0.005,4.08
2024-03-13,3.374,3.354,3.374,3.344,6858706,2448621615.0,0.89,-0.62,-0.021,2.53
2024-03-14,3.349,3.341,3.376,3.324,7018811,2499760281.0,1.55,-0.39,-0.013,2.59
2024-03-15,3.331,3.35,3.355,3.311,8490238,3005272035.0,1.32,0.27,0.009,3.13
2024-03-18,3.35,3.381,3.382,3.35,7873329,2817049387.0,0.96,0.93,0.031,2.91
2024-03-19,3.375,3.358,3.389,3.354,6548752,2344663833.0,1.04,-0.68,-0.023,2.42
2024-03-20,3.35,3.361,3.371,3.347,5379620,1920793104.0,0.71,0.09,0.003,1.99
2024-03-21,3.369,3.359,3.383,3.354,6197332,2218906080.0,0.86,-0.06,-0.002,2.29
2024-03-22,3.356,3.328,3.357,3.301,14506378,5127448694.0,1.67,-0.92,-0.031,5.36
2024-03-25,3.319,3.309,3.344,3.306,6305427,2227919111.0,1.14,-0.57,-0.019,2.33
2024-03-26,3.309,3.32,3.327,3.301,8791033,3098650769.0,0.79,0.33,0.011,3.25
2024-03-27,3.315,3.282,3.321,3.281,8746475,3074186800.0,1.2,-1.14,-0.038,3.23
2024-03-28,3.28,3.299,3.333,3.27,10319251,3626832966.0,1.92,0.52,0.017,3.81
2024-03-29,3.296,3.315,3.319,3.294,6511959,2290152714.0,0.76,0.48,0.016,2.4
2024-04-01,3.329,3.373,3.383,3.328,10932625,3911633845.0,1.66,1.75,0.058,4.04
2024-04-02,3.372,3.361,3.376,3.35,5831914,2083908476.0,0.77,-0.36,-0.012,2.15
2024-04-03,3.359,3.347,3.361,3.337,5983464,2129802753.0,0.71,-0.42,-0.014,2.21
2024-04-08,3.339,3.318,3.345,3.313,7099487,2511699150.0,0.96,-0.87,-0.029,2.62
2024-04-09,3.316,3.312,3.323,3.301,5345371,1882130476.0,0.66,-0.18,-0.006,1.97
2024-04-10,3.313,3.286,3.313,3.269,6816711,2385834189.0,1.33,-0.79,-0.026,2.52
2024-04-11,3.27,3.283,3.302,3.264,5391159,1884073688.0,1.16,-0.09,-0.003,1.99
2024-04-12,3.283,3.255,3.294,3.246,7405129,2575786145.0,1.46,-0.85,-0.028,2.73
2024-04-15,3.255,3.328,3.334,3.253,10999537,3869936517.0,2.49,2.24,0.073,4.06
2024-04-16,3.313,3.296,3.324,3.28,9132298,3210005558.0,1.32,-0.96,-0.032,3.37
2024-04-17,3.296,3.342,3.346,3.28,9964664,3514407052.0,2.0,1.4,0.046,3.68
2024-04-18,3.333,3.348,3.383,3.33,9302193,3319194193.0,1.59,0.18,0.006,3.43
2024-04-19,3.334,3.32,3.343,3.307,6442757,2277856492.0,1.08,-0.84,-0.028,2.38
2024-04-22,3.319,3.313,3.341,3.307,7251824,2562064527.0,1.02,-0.21,-0.007,2.68
2024-04-23,3.313,3.288,3.319,3.282,9428474,3302843911.0,1.12,-0.75,-0.025,3.48
2024-04-24,3.294,3.302,3.306,3.278,5942319,2081789894.0,0.85,0.43,0.014,2.19
2024-04-25,3.292,3.312,3.326,3.284,6647552,2337486533.0,1.27,0.3,0.01,2.45
2024-04-26,3.313,3.362,3.37,3.313,13743140,4889467155.0,1.72,1.51,0.05,5.07
2024-04-29,3.366,3.405,3.427,3.361,15303224,5523568416.0,1.96,1.28,0.043,5.65
2024-04-30,3.404,3.387,3.413,3.385,8231090,2971763282.0,0.82,-0.53,-0.018,3.04
2024-05-06,3.429,3.437,3.453,3.424,13090611,4778963455.0,0.86,1.48,0.05,4.83
2024-05-07,3.434,3.439,3.445,3.426,6860184,2503006857.0,0.55,0.06,0.002,2.53
2024-05-08,3.432,3.41,3.433,3.407,6387759,2318202807.0,0.76,-0.84,-0.029,2.36
2024-05-09,3.409,3.445,3.451,3.408,6502023,2372500248.0,1.26,1.03,0.035,2.4
2024-05-10,3.452,3.447,3.459,3.42,8650954,3157134930.0,1.13,0.06,0.002,3.19
2024-05-13,3.426,3.444,3.455,3.408,7411594,2701728525.0,1.36,-0.09,-0.003,2.74
2024-05-14,3.444,3.438,3.459,3.427,5876668,2144402883.0,0.93,-0.17,-0.006,2.17
2024-05-15,3.436,3.412,3.44,3.406,8559463,3109209781.0,0.99,-0.76,-0.026,3.16
2024-05-16,3.419,3.424,3.44,3.41,10511975,3822598483.0,0.88,0.35,0.012,3.88
2024-05-17,3.424,3.465,3.468,3.412,9320469,3401620100.0,1.64,1.2,0.041,3.44
2024-05-20,3.471,3.473,3.489,3.459,9365359,3450627455.0,0.87,0.23,0.008,3.46
2024-05-21,3.468,3.461,3.472,3.449,4969839,1824951018.0,0.66,-0.35,-0.012,1.84
2024-05-22,3.459,3.469,3.478,3.452,6766846,2488949571.0,0.75,0.23,0.008,2.5
2024-05-23,3.46,3.432,3.463,3.42,6988061,2548466424.0,1.24,-1.07,-0.037,2.58
2024-05-24,3.421,3.391,3.439,3.387,8412742,3048259226.0,1.52,-1.19,-0.041,3.11
2024-05-27,3.394,3.421,3.423,3.39,6696225,2421614804.0,0.97,0.88,0.03,2.47
2024-05-28,3.42,3.398,3.422,3.391,5317532,1923959394.0,0.91,-0.67,-0.023,1.96
2024-05-29,3.397,3.399,3.422,3.39,6152451,2225724205.0,0.94,0.03,0.001,2.27
2024-05-30,3.392,3.385,3.414,3.377,7779253,2801007806.0,1.09,-0.41,-0.014,2.87
2024-05-31,3.391,3.371,3.405,3.369,7232183,2602439724.0,1.06,-0.41,-0.014,2.67
2024-06-03,3.369,3.376,3.388,3.354,7075116,2533469501.0,1.01,0.15,0.005,2.61
2024-06-04,3.374,3.401,3.413,3.368,6817379,2455442420.0,1.33,0.74,0.025,2.52
2024-06-05,3.402,3.388,3.411,3.386,5839394,2108415409.0,0.74,-0.38,-0.013,2.16
2024-06-06,3.395,3.388,3.419,3.374,10266993,3703349866.0,1.33,0.0,0.0,3.79
2024-06-07,3.391,3.365,3.399,3.344,10281271,3679748332.0,1.62,-0.68,-0.023,3.8
2024-06-11,3.356,3.34,3.358,3.322,8799170,3120655858.0,1.07,-0.74,-0.025,3.25
2024-06-12,3.333,3.336,3.345,3.325,5698353,2021361645.0,0.6,-0.12,-0.004,2.1
2024-06-13,3.344,3.323,3.347,3.314,5488037,1942881857.0,0.99,-0.39,-0.013,2.03
2024-06-14,3.316,3.343,3.347,3.306,6741040,2384388229.0,1.23,0.6,0.02,2.49
2024-06-17,3.326,3.333,3.342,3.321,3930172,1393127820.0,0.63,-0.3,-0.01,1.45
2024-06-18,3.338,3.344,3.354,3.332,5490352,1951607303.0,0.66,0.33,0.011,2.03
2024-06-19,3.346,3.334,3.35,3.329,5308595,1883345443.0,0.63,-0.3,-0.01,1.96
2024-06-20,3.332,3.311,3.34,3.305,5546558,1957492953.0,1.05,-0.69,-0.023,2.05
2024-06-21,3.306,3.305,3.314,3.282,19658677,6909858710.0,0.97,-0.18,-0.006,7.26
2024-06-24,3.291,3.288,3.315,3.282,20875455,7315197212.0,1.0,-0.51,-0.017,7.71
2024-06-25,3.284,3.267,3.293,3.248,17384585,6057065481.0,1.37,-0.64,-0.021,6.42
2024-06-26,3.259,3.288,3.296,3.253,10454895,3639499501.0,1.32,0.64,0.021,3.86
2024-06-27,3.279,3.269,3.285,3.263,14337049,4995169625.0,0.67,-0.58,-0.019,5.29
2024-06-28,3.263,3.276,3.3,3.262,12755434,4457663634.0,1.16,0.21,0.007,4.71
2024-07-01,3.276,3.29,3.296,3.256,8536040,2977313191.0,1.22,0.43,0.014,3.15
2024-07-02,3.283,3.285,3.3,3.278,5992049,2097312039.0,0.67,-0.15,-0.005,2.21
2024-07-03,3.283,3.279,3.292,3.269,7914240,2761083445.0,0.7,-0.18,-0.006,2.92
2024-07-04,3.282,3.264,3.298,3.262,15599237,5436186195.0,1.1,-0.46,-0.015,5.76
2024-07-05,3.259,3.247,3.267,3.217,16363845,5643439643.0,1.53,-0.52,-0.017,6.04
2024-07-08,3.24,3.223,3.247,3.215,9426255,3240708452.0,0.99,-0.74,-0.024,3.48
2024-07-09,3.218,3.26,3.273,3.207,10688956,3689270214.0,2.05,1.15,0.037,3.95
2024-07-10,3.253,3.252,3.271,3.249,5792821,2010659819.0,0.67,-0.25,-0.008,2.14
2024-07-11,3.279,3.298,3.308,3.266,10524378,3685787239.0,1.29,1.41,0.046,3.89
2024-07-12,3.3,3.308,3.313,3.294,8723694,3066853429.0,0.58,0.3,0.01,3.22
2024-07-15,3.3,3.315,3.32,3.297,12550082,4423002980.0,0.7,0.21,0.007,4.63
2024-07-16,3.309,3.34,3.344,3.306,16125087,5710212236.0,1.15,0.75,0.025,5.95
2024-07-17,3.338,3.345,3.359,3.329,22565644,8028962162.0,0.9,0.15,0.005,8.33
2024-07-18,3.33,3.366,3.368,3.321,19611815,6976289739.0,1.41,0.63,0.021,7.24
2024-07-19,3.354,3.389,3.395,3.341,31696626,11368072270.0,1.6,0.68,0.023,11.7
2024-07-22,3.384,3.36,3.387,3.34,17163073,6131911990.0,1.39,-0.86,-0.029,6.34
2024-07-23,3.355,3.29,3.36,3.287,9195337,3244779189.0,2.17,-2.08,-0.07,3.4
2024-07-24,3.284,3.268,3.298,3.255,14910835,5196094516.0,1.31,-0.67,-0.022,5.51
2024-07-25,3.253,3.248,3.265,3.23,20455525,7073298526.0,1.07,-0.61,-0.02,7.55
2024-07-26,3.249,3.263,3.272,3.241,13579703,4708501591.0,0.95,0.46,0.015,5.01
2024-07-29,3.259,3.243,3.261,3.242,5949376,2058113230.0,0.58,-0.61,-0.02,2.2
2024-07-30,3.235,3.22,3.235,3.206,15250861,5228653801.0,0.89,-0.71,-0.023,5.63
2024-07-31,3.22,3.297,3.299,3.216,15389083,5353003146.0,2.58,2.39,0.077,5.68
2024-08-01,3.291,3.272,3.304,3.27,7965404,2783731528.0,1.03,-0.76,-0.025,2.94
2024-08-02,3.249,3.236,3.272,3.23,12997733,4492045041.0,1.28,-1.1,-0.036,4.8
2024-08-05,3.22,3.197,3.263,3.196,20183109,6920794410.0,2.07,-1.21,-0.039,7.45
2024-08-06,3.217,3.197,3.227,3.17,12936275,4403870273.0,1.78,0.0,0.0,4.78
2024-08-07,3.19,3.19,3.214,3.18,6125438,2088374404.0,1.06,-0.22,-0.007,2.26
2024-08-08,3.185,3.194,3.218,3.172,8541072,2910131505.0,1.44,0.13,0.004,3.15
2024-08-09,3.205,3.182,3.219,3.181,6040536,2060032809.0,1.19,-0.38,-0.012,2.23
2024-08-12,3.18,3.178,3.191,3.172,5102200,1730501718.0,0.6,-0.13,-0.004,1.88
2024-08-13,3.18,3.183,3.187,3.161,6958063,2355493509.0,0.82,0.16,0.005,2.57
2024-08-14,3.184,3.159,3.184,3.158,5610998,1895836817.0,0.82,-0.75,-0.024,2.07
2024-08-15,3.154,3.197,3.212,3.15,19046381,6477429750.0,1.96,1.2,0.038,7.03
2024-08-16,3.193,3.199,3.211,3.187,16407617,5598868064.0,0.75,0.06,0.002,6.06
2024-08-19,3.198,3.208,3.233,3.196,7478253,2564014063.0,1.16,0.28,0.009,2.76
2024-08-20,3.213,3.192,3.215,3.177,15944748,5419638977.0,1.18,-0.5,-0.016,5.89
2024-08-21,3.18,3.177,3.195,3.163,10553698,3580301585.0,1.0,-0.47,-0.015,3.9
2024-08-22,3.179,3.168,3.184,3.16,12504794,4229630780.0,0.76,-0.28,-0.009,4.62
2024-08-23,3.16,3.182,3.194,3.16,8203428,2781431192.0,1.07,0.44,0.014,3.03
2024-08-26,3.184,3.183,3.196,3.167,14006799,4747763549.0,0.91,0.03,0.001,5.17
2024-08-27,3.176,3.166,3.179,3.156,12142201,4098131754.0,0.72,-0.53,-0.017,4.48
2024-08-28,3.159,3.146,3.166,3.134,19955803,6698906857.0,1.01,-0.63,-0.02,7.37
2024-08-29,3.138,3.136,3.151,3.129,15082477,5052924865.0,0.7,-0.32,-0.01,5.57
2024-08-30,3.131,3.181,3.212,3.131,17858998,6055678708.0,2.58,1.43,0.045,6.59
2024-09-02,3.17,3.121,3.172,3.119,11333065,3798026307.0,1.67,-1.89,-0.06,4.18
2024-09-03,3.119,3.133,3.141,3.117,12935523,4323110376.0,0.77,0.38,0.012,4.78
2024-09-04,3.12,3.112,3.132,3.11,6803058,2264442533.0,0.7,-0.67,-0.021,2.51
2024-09-05,3.115,3.119,3.129,3.109,16005558,5326213535.0,0.64,0.22,0.007,5.91
2024-09-06,3.124,3.091,3.134,3.089,7933157,2635539673.0,1.44,-0.9,-0.028,2.93
2024-09-09,3.081,3.05,3.085,3.039,10188971,3333497562.0,1.49,-1.33,-0.041,3.76
2024-09-10,3.052,3.05,3.064,3.028,8666554,2821540043.0,1.18,0.0,0.0,3.2
2024-09-11,3.042,3.043,3.056,3.03,7808902,2540394225.0,0.85,-0.23,-0.007,2.88
2024-09-12,3.048,3.032,3.061,3.03,6423793,2090444738.0,1.02,-0.36,-0.011,2.37
2024-09-13,3.034,3.017,3.046,3.016,8504681,2758508174.0,0.99,-0.49,-0.015,3.14
2024-09-18,3.016,3.027,3.04,3.004,12254391,3961249915.0,1.19,0.33,0.01,4.52
2024-09-19,3.032,3.054,3.075,3.005,16348870,5332278336.0,2.31,0.89,0.027,6.04
2024-09-20,3.047,3.063,3.068,3.028,23065620,7514201387.0,1.31,0.29,0.009,8.52
2024-09-23,3.058,3.072,3.089,3.052,8973165,2948484470.0,1.21,0.29,0.009,3.31
2024-09-24,3.103,3.216,3.218,3.082,39185162,13212614699.0,4.43,4.69,0.144,14.47
2024-09-25,3.278,3.263,3.333,3.256,32373469,11342949010.0,2.39,1.46,0.047,11.95
2024-09-26,3.257,3.429,3.432,3.256,44429621,15792061339.0,5.39,5.09,0.166,16.41
2024-09-27,3.489,3.658,3.722,3.459,25594612,9610052344.0,7.67,6.68,0.229,9.45
2024-09-30,3.796,4.022,4.029,3.665,63702341,25799279642.0,9.95,9.95,0.364,23.52
2024-10-08,4.445,4.201,4.445,3.997,86298224,38303717305.0,11.14,4.45,0.179,31.87
2024-10-09,4.074,3.811,4.074,3.794,54091966,22450547643.0,6.67,-9.28,-0.39,19.97
2024-10-10,3.859,3.875,3.974,3.788,37790001,15473060494.0,4.88,1.68,0.064,13.95
2024-10-11,3.846,3.766,3.849,3.712,40900777,16347430929.0,3.54,-2.81,-0.109,15.1
2024-10-14,3.776,3.829,3.849,3.735,31049317,12444027076.0,3.03,1.67,0.063,11.46
2024-10-15,3.803,3.72,3.835,3.716,26138707,10426846503.0,3.11,-2.85,-0.109,9.65
2024-10-16,3.68,3.695,3.749,3.671,21611196,8450464021.0,2.1,-0.67,-0.025,7.98
2024-10-17,3.719,3.652,3.749,3.651,29354356,11450617810.0,2.65,-1.16,-0.043,10.84
2024-10-18,3.647,3.805,3.907,3.635,36209179,14349439594.0,7.45,4.19,0.153,13.37
2024-10-21,3.806,3.805,3.849,3.769,25293364,10167737315.0,2.1,0.0,0.0,9.34
2024-10-22,3.791,3.829,3.835,3.79,16669245,6711416525.0,1.18,0.63,0.024,6.16
2024-10-23,3.829,3.844,3.886,3.81,22666292,9196021921.0,1.98,0.39,0.015,8.37
2024-10-24,3.827,3.8,3.831,3.782,15982487,6418011399.0,1.27,-1.14,-0.044,5.9
2024-10-25,3.801,3.829,3.867,3.792,16852658,6801807389.0,1.97,0.76,0.029,6.22
2024-10-28,3.824,3.835,3.836,3.789,13963081,5622580497.0,1.23,0.16,0.006,5.16
2024-10-29,3.839,3.802,3.868,3.792,17946282,7237339621.0,1.98,-0.86,-0.033,6.63
2024-10-30,3.79,3.76,3.8,3.734,18128591,7210707530.0,1.74,-1.1,-0.042,6.69
2024-10-31,3.758,3.76,3.796,3.727,17636493,7004839523.0,1.84,0.0,0.0,6.51
2024-11-01,3.753,3.768,3.807,3.75,18177560,7259471612.0,1.52,0.21,0.008,6.71
2024-11-04,3.771,3.821,3.823,3.76,12493144,4997179234.0,1.67,1.41,0.053,4.61
2024-11-05,3.813,3.926,3.928,3.799,27630144,11308231751.0,3.38,2.75,0.105,10.2
2024-11-06,3.926,3.9,3.969,3.874,21734248,8976072158.0,2.42,-0.66,-0.026,8.03
2024-11-07,3.869,4.037,4.039,3.865,27887189,11598082835.0,4.46,3.51,0.137,10.3
2024-11-08,4.071,3.983,4.079,3.967,28080232,11867165449.0,2.77,-1.34,-0.054,10.37
2024-11-11,3.941,4.004,4.008,3.919,23043651,9617369865.0,2.23,0.53,0.021,8.51
2024-11-12,3.999,3.958,4.057,3.934,23041668,9698713979.0,3.07,-1.15,-0.046,8.51
2024-11-13,3.939,3.984,3.995,3.935,15727943,6569000903.0,1.52,0.66,0.026,5.81
2024-11-14,3.977,3.913,3.992,3.906,14438853,6015521584.0,2.16,-1.78,-0.071,5.33
2024-11-15,3.903,3.844,3.923,3.839,16769935,6875318302.0,2.15,-1.76,-0.069,6.19
2024-11-18,3.86,3.827,3.907,3.802,16100926,6552723785.0,2.73,-0.44,-0.017,5.95
2024-11-19,3.829,3.847,3.85,3.77,16705449,6731130787.0,2.09,0.52,0.02,6.17
2024-11-20,3.835,3.857,3.874,3.827,15485304,6285302021.0,1.22,0.26,0.01,5.72
2024-11-21,3.849,3.862,3.871,3.837,10454707,4249179703.0,0.88,0.13,0.005,3.86
2024-11-22,3.86,3.742,3.863,3.735,17571913,7058103342.0,3.31,-3.11,-0.12,6.49
2024-11-25,3.744,3.72,3.761,3.683,13590858,5349569691.0,2.08,-0.59,-0.022,5.02
2024-11-26,3.703,3.712,3.745,3.702,7847079,3086739740.0,1.16,-0.22,-0.008,2.9
2024-11-27,3.705,3.776,3.781,3.69,14519874,5739351636.0,2.45,1.72,0.064,5.36
2024-11-28,3.773,3.747,3.778,3.737,10724073,4256335685.0,1.09,-0.77,-0.029,3.96
2024-11-29,3.749,3.79,3.836,3.746,15297716,6126864756.0,2.4,1.15,0.043,5.65
2024-12-02,3.786,3.82,3.832,3.776,9816348,3948066718.0,1.48,0.79,0.03,3.62
2024-12-03,3.819,3.824,3.841,3.794,15244237,6140454912.0,1.23,0.1,0.004,5.63
2024-12-04,3.819,3.803,3.83,3.792,10069479,4047901833.0,0.99,-0.55,-0.021,3.72
2024-12-05,3.795,3.796,3.811,3.783,7595229,3042872203.0,0.74,-0.18,-0.007,2.8
2024-12-06,3.796,3.846,3.874,3.795,17762294,7198784380.0,2.08,1.32,0.05,6.56
2024-12-09,3.843,3.843,3.869,3.819,12464187,5050072365.0,1.3,-0.08,-0.003,4.6
2024-12-10,3.968,3.874,3.987,3.862,24827953,10257484391.0,3.25,0.81,0.031,9.17
2024-12-11,3.867,3.864,3.883,3.854,12587160,5136178221.0,0.75,-0.26,-0.01,4.65
2024-12-12,3.866,3.906,3.911,3.855,13601804,5577925837.0,1.45,1.09,0.042,5.02
2024-12-13,3.881,3.809,3.881,3.801,23465697,9490500688.0,2.05,-2.48,-0.097,8.66
2024-12-16,3.807,3.785,3.81,3.775,9893231,3956401792.0,0.92,-0.63,-0.024,3.65
2024-12-17,3.782,3.796,3.832,3.78,13646692,5482919074.0,1.37,0.29,0.011,5.04
2024-12-18,3.809,3.813,3.828,3.804,10236096,4121893615.0,0.63,0.45,0.017,3.78
2024-12-19,3.789,3.819,3.827,3.77,9903622,3977931242.0,1.49,0.16,0.006,3.66
2024-12-20,3.813,3.807,3.834,3.801,12230620,4921231692.0,0.86,-0.31,-0.012,4.52
2024-12-23,3.806,3.811,3.842,3.804,14247022,5749434770.0,1.0,0.11,0.004,5.26
2024-12-24,3.813,3.858,3.865,3.811,14563434,5907574012.0,1.42,1.23,0.047,5.38
2024-12-25,3.861,3.861,3.883,3.843,14181375,5775975676.0,1.04,0.08,0.003,5.24
2024-12-26,3.861,3.862,3.868,3.845,9470234,3855435790.0,0.6,0.03,0.001,3.5
2024-12-27,3.865,3.856,3.888,3.85,10869639,4428609591.0,0.98,-0.16,-0.006,4.01
2024-12-30,3.855,3.875,3.882,3.854,13119335,5359063002.0,0.73,0.49,0.019,4.84
2024-12-31,3.876,3.811,3.883,3.809,18436188,7479851076.0,1.91,-1.65,-0.064,6.81
2025-01-02,3.809,3.698,3.81,3.67,21729803,8582891966.0,3.67,-2.97,-0.113,8.02
2025-01-03,3.698,3.658,3.71,3.642,15930226,6191152281.0,1.84,-1.08,-0.04,5.88
2025-01-06,3.654,3.642,3.662,3.617,12986739,5000830631.0,1.23,-0.44,-0.016,4.8
2025-01-07,3.634,3.669,3.671,3.625,9689740,3741067135.0,1.26,0.74,0.027,3.58
2025-01-08,3.659,3.663,3.688,3.604,14097968,5440502616.0,2.29,-0.16,-0.006,5.21
2025-01-09,3.652,3.655,3.669,3.646,8060658,3119907404.0,0.63,-0.22,-0.008,2.98
2025-01-10,3.654,3.612,3.664,3.611,8265725,3179602825.0,1.45,-1.18,-0.043,3.05
2025-01-13,3.59,3.597,3.615,3.582,9493947,3613570705.0,0.91,-0.42,-0.015,3.51
2025-01-14,3.604,3.695,3.707,3.598,16445462,6369926277.0,3.03,2.72,0.098,6.07
2025-01-15,3.685,3.672,3.693,3.666,7420496,2886729493.0,0.73,-0.62,-0.023,2.74
2025-01-16,3.685,3.674,3.722,3.65,11090052,4322396833.0,1.96,0.05,0.002,4.09
2025-01-17,3.664,3.687,3.711,3.657,8476993,3304922190.0,1.47,0.35,0.013,3.13
2025-01-20,3.71,3.706,3.738,3.697,9202943,3619235609.0,1.11,0.52,0.019,3.4
2025-01-21,3.726,3.711,3.73,3.694,7439264,2916284005.0,0.97,0.13,0.005,2.75
2025-01-22,3.705,3.675,3.705,3.657,10996807,4270106497.0,1.29,-0.97,-0.036,4.06
2025-01-23,3.704,3.686,3.747,3.683,10385928,4075002566.0,1.74,0.3,0.011,3.83
2025-01-24,3.678,3.718,3.732,3.672,11436475,4485387449.0,1.63,0.87,0.032,4.22
2025-01-27,3.725,3.696,3.734,3.693,13053850,5123431141.0,1.1,-0.59,-0.022,4.82
2025-02-05,3.719,3.676,3.723,3.668,7515497,2927530877.0,1.49,-0.54,-0.02,2.78
2025-02-06,3.673,3.721,3.726,3.67,13886365,5435915349.0,1.52,1.22,0.045,5.13
2025-02-07,3.722,3.777,3.803,3.715,19306314,7669642167.0,2.36,1.5,0.056,7.13
2025-02-10,3.778,3.781,3.789,3.763,12672646,5055466090.0,0.69,0.11,0.004,4.68
2025-02-11,3.786,3.765,3.787,3.752,9990359,3973032663.0,0.93,-0.42,-0.016,3.69
2025-02-12,3.763,3.803,3.808,3.749,9789537,3903102518.0,1.57,1.01,0.038,3.61
2025-02-13,3.798,3.793,3.823,3.787,11758227,4719508133.0,0.95,-0.26,-0.01,4.34
2025-02-14,3.789,3.823,3.829,3.786,12924287,5196144834.0,1.13,0.79,0.03,4.77
2025-02-17,3.833,3.83,3.842,3.801,13341020,5380966546.0,1.07,0.18,0.007,4.93
2025-02-18,3.824,3.801,3.847,3.785,12465911,5027787885.0,1.62,-0.76,-0.029,4.6
2025-02-19,3.794,3.822,3.83,3.789,10190769,4102654822.0,1.08,0.55,0.021,3.76
2025-02-20,3.818,3.81,3.822,3.797,10186035,4094980472.0,0.65,-0.31,-0.012,3.76
2025-02-21,3.821,3.864,3.869,3.809,14372665,5834090272.0,1.57,1.42,0.054,5.31
2025-02-24,3.859,3.851,3.878,3.83,15385782,6256202737.0,1.24,-0.34,-0.013,5.68
2025-02-25,3.824,3.81,3.84,3.797,8924900,3596194905.0,1.12,-1.06,-0.041,3.3
2025-02-26,3.817,3.843,3.844,3.808,13456581,5430499637.0,0.94,0.87,0.033,4.97
2025-02-27,3.845,3.856,3.858,3.817,11285856,4570197712.0,1.07,0.34,0.013,4.17
2025-02-28,3.838,3.783,3.854,3.771,13293340,5343803359.0,2.15,-1.89,-0.073,4.91
2025-03-03,3.784,3.77,3.816,3.755,11457686,4581300848.0,1.61,-0.34,-0.013,4.23
2025-03-04,3.749,3.766,3.773,3.741,10121848,4019370464.0,0.85,-0.11,-0.004,3.74
2025-03-05,3.769,3.783,3.788,3.757,11919016,4748819507.0,0.82,0.45,0.017,4.4
2025-03-06,3.804,3.838,3.851,3.8,13710079,5540793752.0,1.35,1.45,0.055,5.06
2025-03-07,3.829,3.828,3.85,3.819,11559971,4671741021.0,0.81,-0.26,-0.01,4.27
2025-03-10,3.826,3.812,3.831,3.788,14427837,5792520821.0,1.12,-0.42,-0.016,5.33
2025-03-11,3.783,3.824,3.825,3.779,10029170,4027510341.0,1.21,0.31,0.012,3.7
2025-03-12,3.827,3.814,3.839,3.807,6092317,2456951615.0,0.84,-0.26,-0.01,2.25
2025-03-13,3.813,3.794,3.822,3.782,6410438,2572874364.0,1.05,-0.52,-0.02,2.37
2025-03-14,3.801,3.895,3.902,3.799,19037183,7767222868.0,2.71,2.66,0.101,7.03
2025-03-17,3.907,3.883,3.912,3.877,11330420,4647468370.0,0.9,-0.31,-0.012,4.18
2025-03-18,3.897,3.892,3.904,3.88,8114043,3329371908.0,0.62,0.23,0.009,3.0
2025-03-19,3.887,3.898,3.91,3.873,8798313,3609853058.0,0.95,0.15,0.006,3.25
2025-03-20,3.898,3.865,3.898,3.857,8751426,3573521339.0,1.05,-0.85,-0.033,3.23
2025-03-21,3.852,3.799,3.868,3.789,10149157,4092584085.0,2.04,-1.71,-0.066,3.75
2025-03-24,3.798,3.816,3.82,3.793,7912221,3179823658.0,0.71,0.45,0.017,2.92
2025-03-25,3.817,3.818,3.828,3.806,6115316,2463223975.0,0.58,0.05,0.002,2.26
2025-03-26,3.814,3.802,3.829,3.799,7742554,3114333330.0,0.79,-0.42,-0.016,2.86
2025-03-27,3.8,3.816,3.839,3.784,8015252,3224972886.0,1.45,0.37,0.014,2.96
2025-03-28,3.816,3.797,3.818,3.789,7043048,2826192921.0,0.76,-0.5,-0.019,2.6
2025-03-31,3.793,3.773,3.813,3.758,9021729,3600807135.0,1.45,-0.63,-0.024,3.33
2025-04-01,3.777,3.771,3.792,3.768,6150155,2452333015.0,0.64,-0.05,-0.002,2.27
2025-04-02,3.772,3.768,3.785,3.76,6291176,2505793835.0,0.66,-0.08,-0.003,2.32
2025-04-03,3.737,3.748,3.769,3.732,11143308,4411676416.0,0.98,-0.53,-0.02,4.11
2025-04-07,3.589,3.484,3.629,3.393,65609880,24314516116.0,6.3,-7.04,-0.264,24.23
2025-04-08,3.487,3.519,3.528,3.46,58535333,21668647143.0,1.95,1.0,0.035,21.61
2025-04-09,3.484,3.555,3.563,3.467,16982014,6334479041.0,2.73,1.02,0.036,6.27
2025-04-10,3.606,3.618,3.636,3.587,14296317,5465041115.0,1.38,1.77,0.063,5.28
2025-04-11,3.599,3.629,3.64,3.589,8619842,3298517131.0,1.41,0.3,0.011,3.18
2025-04-14,3.648,3.637,3.654,3.631,9415710,3627429751.0,0.63,0.22,0.008,3.48
2025-04-15,3.633,3.64,3.646,3.614,9817935,3773853446.0,0.88,0.08,0.003,3.63
2025-04-16,3.63,3.649,3.658,3.6,21771337,8373466072.0,1.59,0.25,0.009,8.04
2025-04-17,3.631,3.652,3.66,3.63,13873406,5357723628.0,0.82,0.08,0.003,5.12
2025-04-18,3.646,3.662,3.668,3.636,13780507,5327127532.0,0.88,0.27,0.01,5.09
2025-04-21,3.654,3.664,3.675,3.646,7126315,2762708291.0,0.79,0.05,0.002,2.63
2025-04-22,3.664,3.667,3.682,3.662,7520436,2919236921.0,0.55,0.08,0.003,2.78
2025-04-23,3.681,3.671,3.696,3.662,6155041,2391310228.0,0.93,0.11,0.004,2.27
2025-04-24,3.671,3.671,3.692,3.66,4873615,1894334207.0,0.87,0.0,0.0,1.8
2025-04-25,3.676,3.671,3.688,3.664,5771935,2243036186.0,0.65,0.0,0.0,2.13
2025-04-28,3.672,3.665,3.675,3.653,6247090,2421364302.0,0.6,-0.16,-0.006,2.31
2025-04-29,3.663,3.658,3.669,3.651,4947350,1914265261.0,0.49,-0.19,-0.007,1.83
2025-04-30,3.659,3.655,3.675,3.653,5004537,1937487287.0,0.6,-0.08,-0.003,1.85
2025-05-06,3.675,3.692,3.695,3.669,7178253,2795762534.0,0.71,1.01,0.037,2.65
2025-05-07,3.739,3.716,3.751,3.699,10470812,4110994908.0,1.41,0.65,0.024,3.87
2025-05-08,3.707,3.739,3.755,3.707,7820057,3087094214.0,1.29,0.62,0.023,2.89
2025-05-09,3.735,3.734,3.739,3.721,6933748,2734071470.0,0.48,-0.13,-0.005,2.56
2025-05-12,3.752,3.779,3.781,3.746,8365002,3327197559.0,0.94,1.21,0.045,3.09
2025-05-13,3.8,3.783,3.801,3.777,7934009,3170416334.0,0.64,0.11,0.004,2.93
2025-05-14,3.784,3.834,3.855,3.781,12147902,4893477242.0,1.96,1.35,0.051,4.49
2025-05-15,3.827,3.8,3.83,3.793,8177224,3287897242.0,0.97,-0.89,-0.034,3.02
2025-05-16,3.791,3.778,3.798,3.766,7302837,2913902471.0,0.84,-0.58,-0.022,2.7
2025-05-19,3.773,3.772,3.777,3.754,5562981,2212057936.0,0.61,-0.16,-0.006,2.05
2025-05-20,3.773,3.792,3.805,3.769,5499875,2198868086.0,0.95,0.53,0.02,2.03
2025-05-21,3.793,3.808,3.82,3.792,5606031,2253851046.0,0.74,0.42,0.016,2.07
2025-05-22,3.807,3.806,3.816,3.792,4919320,1975447858.0,0.63,-0.05,-0.002,1.82
2025-05-23,3.801,3.777,3.828,3.776,8450891,3391996057.0,1.37,-0.76,-0.029,3.12
2025-05-26,3.771,3.756,3.782,3.745,7404857,2939168237.0,0.98,-0.56,-0.021,2.73
2025-05-27,3.754,3.735,3.758,3.728,5782884,2285272068.0,0.8,-0.56,-0.021,2.14
2025-05-28,3.736,3.731,3.745,3.727,5399202,2130111536.0,0.48,-0.11,-0.004,1.99
2025-05-29,3.734,3.755,3.768,3.728,8910394,3531865335.0,1.07,0.64,0.024,3.29
2025-05-30,3.748,3.748,3.753,3.721,7370307,2910576351.0,0.85,-0.19,-0.007,2.72
2025-06-03,3.735,3.746,3.761,3.731,5967868,2361902723.0,0.8,-0.05,-0.002,2.2
2025-06-04,3.748,3.763,3.774,3.747,4645434,1846404388.0,0.72,0.45,0.017,1.72
2025-06-05,3.767,3.773,3.783,3.756,5319657,2116243913.0,0.72,0.27,0.01,1.96
2025-06-06,3.776,3.775,3.788,3.767,4888808,1948178948.0,0.56,0.05,0.002,1.81
2025-06-09,3.778,3.784,3.799,3.773,5810982,2322756628.0,0.69,0.24,0.009,2.15
2025-06-10,3.786,3.761,3.794,3.747,7710518,3069054930.0,1.24,-0.61,-0.023,2.85
2025-06-11,3.763,3.793,3.813,3.763,11035095,4422015632.0,1.33,0.85,0.032,4.07
2025-06-12,3.787,3.795,3.802,3.769,6900872,2758909222.0,0.87,0.05,0.002,2.55
2025-06-13,3.787,3.769,3.791,3.756,6980168,2779843230.0,0.92,-0.69,-0.026,2.58
2025-06-16,3.763,3.779,3.783,3.76,6493267,2586770171.0,0.61,0.27,0.01,2.4
2025-06-17,3.78,3.778,3.786,3.763,4828913,1925078391.0,0.61,-0.03,-0.001,1.78
2025-06-18,3.78,3.781,3.787,3.759,4808034,1874167101.0,0.74,0.08,0.003,1.78
2025-06-19,3.775,3.75,3.776,3.74,6007886,2331339243.0,0.95,-0.82,-0.031,2.22
2025-06-20,3.749,3.755,3.765,3.748,4230441,1641824026.0,0.45,0.13,0.005,1.56
2025-06-23,3.746,3.768,3.779,3.739,7492447,2908735828.0,1.07,0.35,0.013,2.77
2025-06-24,3.773,3.813,3.827,3.773,12245549,4815432117.0,1.43,1.19,0.045,4.52
2025-06-25,3.816,3.878,3.88,3.812,17241161,6841352725.0,1.78,1.7,0.065,6.37
2025-06-26,3.872,3.863,3.881,3.862,9379679,3745893284.0,0.49,-0.39,-0.015,3.46
2025-06-27,3.867,3.84,3.89,3.835,10696914,4258505726.0,1.42,-0.6,-0.023,3.95
2025-06-30,3.838,3.859,3.862,3.833,10819590,4300171928.0,0.76,0.49,0.019,4.0
2025-07-01,3.857,3.865,3.869,3.846,6406861,2551468709.0,0.6,0.16,0.006,2.37
2025-07-02,3.862,3.869,3.876,3.852,5188835,2069608324.0,0.62,0.1,0.004,1.92
2025-07-03,3.871,3.892,3.897,3.868,6863819,2748927253.0,0.75,0.59,0.023,2.53
2025-07-04,3.888,3.909,3.942,3.881,10525621,4241383565.0,1.57,0.44,0.017,3.89
2025-07-07,3.903,3.891,3.909,3.882,4022514,1614976763.0,0.69,-0.46,-0.018,1.49
2025-07-08,3.893,3.925,3.933,3.89,6122487,2473798113.0,1.11,0.87,0.034,2.26
2025-07-09,3.925,3.922,3.946,3.917,6476608,2626402688.0,0.74,-0.08,-0.003,2.39
2025-07-10,3.922,3.942,3.967,3.921,6323877,2569715942.0,1.17,0.51,0.02,2.34
2025-07-11,3.943,3.956,4.007,3.942,12648551,5184103110.0,1.65,0.36,0.014,4.67
2025-07-14,3.955,3.955,3.971,3.953,8205479,3351107668.0,0.46,-0.03,-0.001,3.03
2025-07-15,3.959,3.955,3.981,3.93,8074813,3292797650.0,1.29,0.0,0.0,2.98
2025-07-16,3.956,3.946,3.97,3.933,4791819,1951853024.0,0.94,-0.23,-0.009,1.77
2025-07-17,3.946,3.979,3.98,3.945,5978225,2443096232.0,0.89,0.84,0.033,2.21
2025-07-18,3.985,4.009,4.013,3.982,7131296,2940955208.0,0.78,0.75,0.03,2.63
2025-07-21,4.014,4.034,4.037,4.011,7674613,3184284274.0,0.65,0.62,0.025,2.83
2025-07-22,4.036,4.078,4.08,4.019,10821091,4516788944.0,1.51,1.09,0.044,4.0
2025-07-23,4.081,4.076,4.111,4.065,9947315,4188253000.0,1.13,-0.05,-0.002,3.67
2025-07-24,4.072,4.102,4.105,4.067,8852360,3729028292.0,0.93,0.64,0.026,3.27
2025-07-25,4.102,4.08,4.102,4.07,8200860,3452281674.0,0.78,-0.54,-0.022,3.03
2025-07-28,4.08,4.091,4.1,4.063,6027713,2535151857.0,0.91,0.27,0.011,2.23
2025-07-29,4.085,4.112,4.113,4.069,8059786,3395606595.0,1.08,0.51,0.021,2.98
2025-07-30,4.104,4.109,4.142,4.084,9502522,4023783503.0,1.41,-0.07,-0.003,3.51
2025-07-31,4.098,4.032,4.098,4.019,11229126,4687659264.0,1.92,-1.87,-0.077,4.15
2025-08-01,4.025,4.01,4.039,3.995,6115671,2531113831.0,1.09,-0.55,-0.022,2.26
2025-08-04,3.999,4.029,4.031,3.994,4355672,1801388564.0,0.92,0.47,0.019,1.61
2025-08-05,4.031,4.06,4.062,4.028,5480681,2282989180.0,0.84,0.77,0.031,2.02
2025-08-06,4.058,4.071,4.076,4.053,4089449,1713095761.0,0.57,0.27,0.011,1.51
2025-08-07,4.073,4.07,4.087,4.048,5339656,2236786690.0,0.96,-0.02,-0.001,1.97
2025-08-08,4.065,4.06,4.078,4.052,4230624,1771777749.0,0.64,-0.25,-0.01,1.56
2025-08-11,4.06,4.079,4.095,4.06,6881519,2891923703.0,0.86,0.47,0.019,2.54
2025-08-12,4.077,4.105,4.114,4.077,4824872,2036818306.0,0.91,0.64,0.026,1.78
2025-08-13,4.111,4.14,4.149,4.106,7588408,3227703467.0,1.05,0.85,0.035,2.8
2025-08-14,4.142,4.133,4.18,4.125,8879344,3797429985.0,1.33,-0.17,-0.007,3.28
2025-08-15,4.119,4.172,4.179,4.117,10718339,4584387161.0,1.5,0.94,0.039,3.96
2025-08-18,4.175,4.204,4.237,4.162,10092475,4362087157.0,1.8,0.77,0.032,3.73
2025-08-19,4.203,4.182,4.224,4.174,7743324,3347920291.0,1.19,-0.52,-0.022,2.86
2025-08-20,4.172,4.241,4.242,4.144,13784166,5938089045.0,2.34,1.41,0.059,5.09
2025-08-21,4.245,4.255,4.271,4.235,9130025,3997377735.0,0.85,0.33,0.014,3.37
2025-08-22,4.252,4.356,4.361,4.251,13602634,6031204221.0,2.59,2.37,0.101,5.02
2025-08-25,4.378,4.442,4.449,4.374,14560918,6599627199.0,1.72,1.97,0.086,5.38
2025-08-26,4.431,4.418,4.449,4.404,11142941,5068845227.0,1.01,-0.54,-0.024,4.11
2025-08-27,4.418,4.352,4.462,4.35,14126904,6408311259.0,2.54,-1.49,-0.066,5.22
2025-08-28,4.346,4.436,4.438,4.329,12764157,5746035433.0,2.5,1.93,0.084,4.71
2025-08-29,4.427,4.478,4.49,4.417,13550574,6208498370.0,1.65,0.95,0.042,5.0
2025-09-01,4.484,4.493,4.501,4.457,11939867,5495420182.0,0.98,0.33,0.015,4.41
2025-09-02,4.49,4.467,4.52,4.427,10344122,4755250317.0,2.07,-0.58,-0.026,3.82
2025-09-03,4.469,4.426,4.486,4.397,9188625,4187703184.0,1.99,-0.92,-0.041,3.39
2025-09-04,4.423,4.333,4.432,4.293,14208228,6352441030.0,3.14,-2.1,-0.093,5.25
2025-09-05,4.327,4.431,4.44,4.319,10603325,4780253830.0,2.79,2.26,0.098,3.92
2025-09-08,4.431,4.432,4.45,4.401,10340220,4701185135.0,1.11,0.02,0.001,3.82
2025-09-09,4.422,4.405,4.441,4.379,6803545,3084847254.0,1.4,-0.61,-0.027,2.51
2025-09-10,4.403,4.415,4.439,4.384,6086583,2761984289.0,1.25,0.23,0.01,2.25
2025-09-11,4.404,4.537,4.539,4.394,9783418,4504295390.0,3.28,2.76,0.122,3.61
2025-09-12,4.539,4.498,4.541,4.492,9158580,4251540392.0,1.08,-0.86,-0.039,3.38
2025-09-15,4.499,4.506,4.539,4.491,7211915,3346337207.0,1.07,0.18,0.008,2.66
2025-09-16,4.509,4.497,4.529,4.468,7889034,3642646550.0,1.35,-0.2,-0.009,2.91
2025-09-17,4.492,4.53,4.536,4.476,7154079,3315621289.0,1.33,0.73,0.033,2.64
2025-09-18,4.532,4.471,4.553,4.431,11873727,5488692045.0,2.69,-1.3,-0.059,4.38
2025-09-19,4.467,4.481,4.51,4.464,7316138,3369611818.0,1.03,0.22,0.01,2.7
2025-09-22,4.481,4.496,4.498,4.459,6292766,2896946428.0,0.87,0.33,0.015,2.32
2025-09-23,4.504,4.499,4.533,4.435,10550001,4859849641.0,2.18,0.07,0.003,3.9
2025-09-24,4.474,4.54,4.541,4.473,10044859,4656117026.0,1.51,0.91,0.041,3.71
2025-09-25,4.54,4.572,4.595,4.534,7713362,3614405601.0,1.34,0.7,0.032,2.85
2025-09-26,4.554,4.528,4.576,4.527,7153059,3344592886.0,1.07,-0.96,-0.044,2.64
2025-09-29,4.525,4.605,4.632,4.517,11954365,5620190347.0,2.54,1.7,0.077,4.41
2025-09-30,4.611,4.618,4.627,4.597,7403809,3508639995.0,0.65,0.28,0.013,2.73
2025-10-09,4.631,4.693,4.713,4.627,8970906,4308933449.0,1.86,1.62,0.075,3.31
2025-10-10,4.664,4.596,4.671,4.581,11746426,5581932563.0,1.92,-2.07,-0.097,4.34
2025-10-13,4.475,4.569,4.581,4.473,9658362,4499844601.0,2.35,-0.59,-0.027,3.57
2025-10-14,4.602,4.522,4.617,4.497,11619095,5445976980.0,2.63,-1.03,-0.047,4.29
2025-10-15,4.525,4.583,4.592,4.504,9974013,4649845988.0,1.95,1.35,0.061,3.68
2025-10-16,4.566,4.598,4.624,4.566,8124633,3835512324.0,1.27,0.33,0.015,3.0
2025-10-17,4.592,4.501,4.601,4.489,8400582,3909864092.0,2.44,-2.11,-0.097,3.1
2025-10-20,4.528,4.517,4.555,4.501,7644178,3554256321.0,1.2,0.36,0.016,2.82
2025-10-21,4.533,4.587,4.6,4.529,9598685,4511371971.0,1.57,1.55,0.07,3.54
2025-10-22,4.567,4.572,4.585,4.545,5544842,2601506365.0,0.87,-0.33,-0.015,2.05
2025-10-23,4.564,4.59,4.596,4.519,6993428,3267824361.0,1.68,0.39,0.018,2.58
2025-10-24,4.605,4.647,4.649,4.604,8653036,4110591097.0,0.98,1.24,0.057,3.2
2025-10-27,4.685,4.703,4.708,4.673,7585249,3652922851.0,0.75,1.21,0.056,2.8
2025-10-28,4.692,4.679,4.727,4.669,7259491,3497088820.0,1.23,-0.51,-0.024,2.68
2025-10-29,4.687,4.739,4.741,4.687,6792784,3284668925.0,1.15,1.28,0.06,2.51
2025-10-30,4.735,4.7,4.751,4.693,8164619,3955485339.0,1.22,-0.82,-0.039,3.01
2025-10-31,4.696,4.633,4.703,4.632,14325686,6851751220.0,1.51,-1.43,-0.067,5.29
2025-11-03,4.629,4.64,4.644,4.582,7759881,3674194550.0,1.34,0.15,0.007,2.87
2025-11-04,4.637,4.606,4.65,4.583,12015243,5708778783.0,1.44,-0.73,-0.034,4.44
2025-11-05,4.569,4.612,4.628,4.545,7633533,3599158874.0,1.8,0.13,0.006,2.82
2025-11-06,4.619,4.682,4.69,4.619,7326649,3506780405.0,1.54,1.52,0.07,2.71
2025-11-07,4.667,4.672,4.689,4.651,5392556,2584816479.0,0.81,-0.21,-0.01,1.99
2025-11-10,4.674,4.684,4.688,4.64,4483488,2146884969.0,1.03,0.26,0.012,1.66
2025-11-11,4.691,4.64,4.701,4.634,5651936,2702663134.0,1.43,-0.94,-0.044,2.09
2025-11-12,4.631,4.642,4.66,4.608,5236907,2491775456.0,1.12,0.04,0.002,1.93
2025-11-13,4.634,4.689,4.692,4.629,6459561,3096198221.0,1.36,1.01,0.047,2.39
2025-11-14,4.662,4.618,4.673,4.616,5936317,2832605947.0,1.22,-1.51,-0.071,2.19
2025-11-17,4.607,4.587,4.617,4.568,7524669,3545084093.0,1.06,-0.67,-0.031,2.78
2025-11-18,4.577,4.56,4.594,4.541,8568239,4018390178.0,1.16,-0.59,-0.027,3.16
2025-11-19,4.555,4.574,4.594,4.555,8569615,4026545623.0,0.86,0.31,0.014,3.16
2025-11-20,4.601,4.553,4.606,4.55,5619395,2644705315.0,1.22,-0.46,-0.021,2.07
2025-11-21,4.522,4.441,4.531,4.439,14964004,6884359920.0,2.02,-2.46,-0.112,5.53
2025-11-24,4.456,4.434,4.462,4.41,11557477,5269730484.0,1.17,-0.16,-0.007,4.27
2025-11-25,4.457,4.474,4.5,4.456,8959406,4120829562.0,0.99,0.9,0.04,3.31
2025-11-26,4.477,4.503,4.523,4.471,9140793,4228349386.0,1.16,0.65,0.029,3.38
2025-11-27,4.506,4.499,4.551,4.495,4793694,2226374836.0,1.24,-0.09,-0.004,1.77
2025-11-28,4.498,4.512,4.519,4.48,5192341,2403092677.0,0.87,0.29,0.013,1.92
2025-12-01,4.523,4.564,4.565,4.516,5783014,2698559001.0,1.09,1.15,0.052,2.14
2025-12-02,4.563,4.543,4.563,4.528,3834449,1790231961.0,0.77,-0.46,-0.021,1.42
2025-12-03,4.542,4.522,4.561,4.512,3950348,1840202209.0,1.08,-0.46,-0.021,1.46
2025-12-04,4.525,4.534,4.548,4.505,4026188,1871831892.0,0.95,0.27,0.012,1.49
2025-12-05,4.533,4.575,4.587,4.52,6872031,3217071412.0,1.48,0.9,0.041,2.54
2025-12-08,4.588,4.609,4.631,4.586,8263438,3908784386.0,0.98,0.74,0.034,3.05
2025-12-09,4.604,4.585,4.616,4.571,7001055,3302885875.0,0.98,-0.52,-0.024,2.59
2025-12-10,4.577,4.579,4.586,4.535,6207764,2903153594.0,1.11,-0.13,-0.006,2.29
2025-12-11,4.585,4.545,4.599,4.539,6199443,2910601742.0,1.31,-0.74,-0.034,2.29
2025-12-12,4.555,4.571,4.579,4.525,8671539,4057237306.0,1.19,0.57,0.026,3.2
2025-12-15,4.551,4.544,4.589,4.427,6917855,3241015143.0,3.54,-0.59,-0.027,2.55
2025-12-16,4.537,4.497,4.544,4.478,7693550,3559031617.0,1.45,-1.03,-0.047,2.84
2025-12-17,4.496,4.576,4.592,4.493,10856133,5079203142.0,2.2,1.76,0.079,4.01
2025-12-18,4.56,4.545,4.569,4.538,6780189,3169750209.0,0.68,-0.68,-0.031,2.5
2025-12-19,4.557,4.565,4.591,4.543,8317889,3901916782.0,1.06,0.44,0.02,3.07
2025-12-22,4.579,4.607,4.612,4.579,8371220,3956863485.0,0.72,0.92,0.042,3.09
2025-12-23,4.612,4.617,4.64,4.603,8083405,3833240598.0,0.8,0.22,0.01,2.98
2025-12-24,4.617,4.634,4.642,4.603,5334294,2531260594.0,0.84,0.37,0.017,1.97
2025-12-25,4.627,4.643,4.654,4.621,4272443,2033628744.0,0.71,0.19,0.009,1.58
2025-12-26,4.643,4.661,4.678,4.632,8160801,3902900785.0,0.99,0.39,0.018,3.01
2025-12-29,4.657,4.64,4.671,4.626,8529050,4069832489.0,0.97,-0.45,-0.021,3.15
2025-12-30,4.623,4.65,4.667,4.619,4772242,2275508778.0,1.03,0.22,0.01,1.76
2025-12-31,4.654,4.63,4.666,4.619,6668292,3175879377.0,1.01,-0.43,-0.02,2.46
2026-01-05,4.66,4.721,4.725,4.657,10171325,4902061805.0,1.47,1.97,0.091,3.76
2026-01-06,4.727,4.796,4.797,4.725,10523015,5141603633.0,1.53,1.59,0.075,3.89
2026-01-07,4.797,4.778,4.804,4.753,9334026,4578481053.0,1.06,-0.38,-0.018,3.45
2026-01-08,4.765,4.74,4.771,4.72,6827198,3324674355.0,1.07,-0.8,-0.038,2.52
2026-01-09,4.734,4.762,4.78,4.721,11348553,5535581862.0,1.24,0.46,0.022,4.19
2026-01-12,4.77,4.79,4.806,4.738,13330753,6529675045.0,1.43,0.59,0.028,4.92
2026-01-13,4.799,4.773,4.842,4.753,12717832,6249488306.0,1.86,-0.35,-0.017,4.7
2026-01-14,4.773,4.743,4.826,4.718,21367223,10465332592.0,2.26,-0.63,-0.03,7.89
2026-01-15,4.726,4.752,4.771,4.72,52171489,25390672681.0,1.08,0.19,0.009,19.26
2026-01-16,4.782,4.736,4.796,4.715,53201665,25922582412.0,1.7,-0.34,-0.016,19.64
2026-01-19,4.737,4.738,4.769,4.718,29134399,13792576409.0,1.08,0.04,0.002,10.76
2026-01-20,4.735,4.724,4.751,4.688,28867656,13613769428.0,1.33,-0.3,-0.014,10.66
2026-01-21,4.709,4.73,4.764,4.709,49039740,23207895509.0,1.16,0.13,0.006,18.11
2026-01-22,4.741,4.727,4.76,4.703,43163442,20376067887.0,1.21,-0.06,-0.003,15.94
2026-01-23,4.732,4.704,4.742,4.687,67693781,31834663643.0,1.16,-0.49,-0.023,25.0
2026-01-26,4.712,4.712,4.76,4.694,59398529,28002364939.0,1.4,0.17,0.008,21.93
2026-01-27,4.712,4.71,4.742,4.679,43391350,20450057577.0,1.34,-0.04,-0.002,16.02
2026-01-28,4.725,4.725,4.743,4.704,84977823,40100175381.0,0.83,0.32,0.015,31.38
2026-01-29,4.724,4.768,4.779,4.704,35456647,16773879626.0,1.59,0.91,0.043,13.09
2026-01-30,4.736,4.711,4.758,4.642,16702748,7860479504.0,2.43,-1.2,-0.057,6.17
2026-02-02,4.68,4.6,4.719,4.591,26511344,12299263716.0,2.72,-2.36,-0.111,9.79
2026-02-03,4.64,4.664,4.668,4.585,10529446,4881749326.0,1.8,1.39,0.064,3.89
2026-02-04,4.652,4.707,4.709,4.643,10525059,4914865553.0,1.42,0.92,0.043,3.89
2026-02-05,4.68,4.679,4.695,4.645,9339829,4364498239.0,1.06,-0.59,-0.028,3.45
2026-02-06,4.643,4.649,4.691,4.61,8816737,4106577054.0,1.73,-0.64,-0.03,3.26
2026-02-09,4.695,4.727,4.73,4.686,7011195,3304026961.0,0.95,1.68,0.078,2.59
2026-02-10,4.733,4.733,4.739,4.72,6804617,3219183511.0,0.4,0.13,0.006,2.51
2026-02-11,4.727,4.723,4.732,4.714,3720787,1757895647.0,0.38,-0.21,-0.01,1.37
2026-02-12,4.729,4.727,4.735,4.716,3980124,1881073591.0,0.4,0.08,0.004,1.47
2026-02-13,4.714,4.671,4.714,4.667,13673572,6405790170.0,0.99,-1.18,-0.056,5.05
2026-02-24,4.725,4.716,4.736,4.705,6242456,2946760847.0,0.66,0.96,0.045,2.3
2026-02-25,4.717,4.75,4.778,4.716,8734031,4148107679.0,1.31,0.72,0.034,3.22
2026-02-26,4.751,4.735,4.754,4.712,7663721,3624553287.0,0.88,-0.32,-0.015,2.83
2026-02-27,4.72,4.725,4.732,4.7,6062453,2859792911.0,0.68,-0.21,-0.01,2.24
2026-03-02,4.694,4.739,4.743,4.674,12423675,5860854055.0,1.46,0.3,0.014,4.59
2026-03-03,4.741,4.678,4.751,4.665,9665579,4550837091.0,1.81,-1.29,-0.061,3.57
2026-03-04,4.64,4.61,4.65,4.587,8292240,3830984400.0,1.35,-1.45,-0.068,3.06
2026-03-05,4.647,4.654,4.678,4.639,5684210,2646464156.0,0.85,0.95,0.044,2.1
2026-03-06,4.64,4.667,4.682,4.624,5043759,2349185776.0,1.25,0.28,0.013,1.86
2026-03-09,4.623,4.629,4.638,4.56,8380983,3854535508.0,1.67,-0.81,-0.038,3.09
2026-03-10,4.642,4.683,4.689,4.641,5460125,2550822882.0,1.04,1.17,0.054,2.02
2026-03-11,4.686,4.711,4.719,4.682,5937122,2792866730.0,0.79,0.6,0.028,2.19
2026-03-12,4.711,4.694,4.711,4.665,3433836,1610201018.0,0.98,-0.36,-0.017,1.27
2026-03-13,4.672,4.677,4.716,4.67,3251129,1526480622.0,0.98,-0.36,-0.017,1.2
2026-03-16,4.675,4.68,4.686,4.632,4038627,1881524447.0,1.15,0.06,0.003,1.49
2026-03-17,4.686,4.646,4.731,4.645,7233377,3388771831.0,1.84,-0.73,-0.034,2.67
2026-03-18,4.652,4.662,4.67,4.616,7702627,3575798297.0,1.16,0.34,0.016,2.84
2026-03-19,4.621,4.599,4.641,4.581,7722418,3558170504.0,1.29,-1.35,-0.063,2.85
2026-03-20,4.598,4.576,4.635,4.573,7612736,3509938019.0,1.35,-0.5,-0.023,2.81
2026-03-23,4.528,4.43,4.537,4.406,15234981,6799292790.0,2.86,-3.19,-0.146,5.63
2026-03-24,4.463,4.479,4.48,4.405,8504351,3784113263.0,1.69,1.11,0.049,3.14
2026-03-25,4.51,4.544,4.549,4.504,8677126,3932266869.0,1.0,1.45,0.065,3.2
2026-03-26,4.536,4.488,4.547,4.477,4742424,2139118213.0,1.54,-1.23,-0.056,1.75
2026-03-27,4.45,4.508,4.53,4.445,5626908,2529639239.0,1.89,0.45,0.02,2.08
2026-03-30,4.462,4.5,4.505,4.453,5439943,2434696108.0,1.15,-0.18,-0.008,2.01
2026-03-31,4.501,4.463,4.529,4.462,5305656,2385310576.0,1.49,-0.82,-0.037,1.96
2026-04-01,4.52,4.534,4.542,4.501,5012281,2267466693.0,0.92,1.59,0.071,1.85
2026-04-02,4.521,4.489,4.526,4.47,4663511,2098973595.0,1.24,-0.99,-0.045,1.72
2026-04-03,4.495,4.454,4.506,4.446,4261096,1903072420.0,1.34,-0.78,-0.035,1.57
2026-04-07,4.455,4.446,4.47,4.431,4285686,1908516206.0,0.88,-0.18,-0.008,1.58
2026-04-08,4.519,4.602,4.604,4.517,9968846,4550818244.0,1.96,3.51,0.156,3.68
2026-04-09,4.573,4.572,4.586,4.56,7049553,3223934997.0,0.56,-0.65,-0.03,2.6
2026-04-10,4.588,4.642,4.664,4.588,9063873,4203124967.0,1.66,1.53,0.07,3.35
2026-04-13,4.629,4.652,4.66,4.623,3928926,1825187755.0,0.8,0.22,0.01,1.45
2026-04-14,4.679,4.712,4.712,4.663,4276571,2005429241.0,1.05,1.29,0.06,1.58
2026-04-15,4.732,4.694,4.746,4.684,6759806,3185349113.0,1.32,-0.38,-0.018,2.5
2026-04-16,4.704,4.746,4.747,4.7,8532344,4036951794.0,1.0,1.11,0.052,3.15
2026-04-17,4.737,4.739,4.75,4.722,7361501,3485941360.0,0.59,-0.15,-0.007,2.72
2026-04-20,4.735,4.765,4.777,4.728,7624578,3627929894.0,1.03,0.55,0.026,2.82
2026-04-21,4.764,4.776,4.786,4.73,6361081,3026895923.0,1.18,0.23,0.011,2.35
2026-04-22,4.76,4.811,4.813,4.756,10125926,4851593064.0,1.19,0.73,0.035,3.74
2026-04-23,4.82,4.801,4.834,4.772,10085181,4848688474.0,1.29,-0.21,-0.01,3.72
2026-04-24,4.785,4.782,4.798,4.75,7193226,3432906825.0,1.0,-0.4,-0.019,2.66
2026-04-27,4.786,4.782,4.81,4.773,9280360,4443760487.0,0.77,0.0,0.0,3.43
2026-04-28,4.766,4.77,4.79,4.757,8644202,4125806962.0,0.69,-0.25,-0.012,3.19
2026-04-29,4.755,4.821,4.828,4.755,12796798,6139314265.0,1.53,1.07,0.051,4.73
2026-04-30,4.83,4.824,4.841,4.808,16517864,7965711080.0,0.68,0.06,0.003,6.1
2026-05-06,4.866,4.888,4.914,4.852,18677828,9131466569.0,1.29,1.33,0.064,6.9
2026-05-07,4.905,4.912,4.914,4.879,20946226,10262731527.0,0.72,0.49,0.024,7.73
2026-05-08,4.89,4.886,4.902,4.862,12535649,6121164078.0,0.81,-0.53,-0.026,4.63
2026-05-11,4.911,4.966,4.98,4.9,21165218,10456512044.0,1.64,1.64,0.08,7.82
2026-05-12,4.975,4.963,4.987,4.944,10021705,4976355850.0,0.87,-0.06,-0.003,3.7
2026-05-13,4.94,5.017,5.023,4.939,12726150,6331249194.0,1.69,1.09,0.054,4.7
2026-05-14,5.037,4.941,5.041,4.931,10281646,5118663487.0,2.19,-1.51,-0.076,3.8
2026-05-15,4.935,4.878,4.954,4.852,10479024,5135152285.0,2.06,-1.28,-0.063,3.87
2026-05-18,4.855,4.852,4.885,4.819,5835764,2832450612.0,1.35,-0.53,-0.026,2.15
2026-05-19,4.843,4.869,4.874,4.789,9674999,4670192858.0,1.75,0.35,0.017,3.57
2026-05-20,4.845,4.871,4.882,4.84,9597201,4664422387.0,0.86,0.04,0.002,3.54
2026-05-21,4.897,4.808,4.954,4.801,12055773,5913215496.0,3.14,-1.29,-0.063,4.45
2026-05-22,4.828,4.862,4.868,4.807,13250518,6421618436.0,1.27,1.12,0.054,4.89
2026-05-25,4.88,4.937,4.938,4.872,16250559,7970991059.0,1.36,1.54,0.075,6.0
2026-05-26,4.912,4.972,4.975,4.91,9686752,4786813577.0,1.32,0.71,0.035,3.58
2026-05-27,4.963,4.932,4.993,4.913,6405215,3174582673.0,1.61,-0.8,-0.04,2.37
2026-05-28,4.917,4.932,4.948,4.866,4396498,2155076599.0,1.66,0.0,0.0,1.62
2026-05-29,4.946,4.923,4.978,4.9,6566854,3243446893.0,1.58,-0.18,-0.009,2.42
2026-06-01,4.923,4.868,4.94,4.861,4990927,2443095510.0,1.6,-1.12,-0.055,1.84
2026-06-02,4.867,4.936,4.956,4.856,6809437,3345673270.0,2.05,1.4,0.068,2.51
2026-06-03,4.938,4.965,5.016,4.928,7604619,3784497955.0,1.78,0.59,0.029,2.81
2026-06-04,4.919,4.926,4.961,4.91,6097283,3006706301.0,1.03,-0.79,-0.039,2.25
2026-06-05,4.909,4.843,4.948,4.825,6182927,3023262809.0,2.5,-1.68,-0.083,2.28
2026-06-08,4.79,4.739,4.808,4.705,9232724,4394322754.0,2.13,-2.15,-0.104,3.41
2026-06-09,4.764,4.826,4.828,4.741,4361645,2085593718.0,1.84,1.84,0.087,1.61
2026-06-10,4.79,4.784,4.814,4.751,3931623,1879211957.0,1.31,-0.87,-0.042,1.45
2026-06-11,4.766,4.751,4.793,4.718,4160688,1975529542.0,1.57,-0.69,-0.033,1.54
2026-06-12,4.81,4.818,4.846,4.789,7808859,3761995011.0,1.2,1.41,0.067,2.88
2026-06-15,4.858,4.919,4.92,4.839,16233007,7928405421.0,1.68,2.1,0.101,5.99
2026-06-16,4.92,4.91,4.933,4.893,9085294,4467242130.0,0.81,-0.18,-0.009,3.35
2026-06-17,4.898,4.958,4.96,4.894,13911870,6854308726.0,1.34,0.98,0.048,5.14
2026-06-18,4.943,4.984,5.001,4.941,12933430,6434057084.0,1.21,0.52,0.026,4.78
